m_fr_sum,fr_sum,log_fr_sum,serial_num,vp_exp_dummy,num_comp_exp,product_num,log_num_news,num_news,inv_num,cs_dummy,biz_dummy,master_dummy,age
88.75,88750000,8,2,0,8,2,1.361727836,23,0,1,0,0,25
9,9000000,7,2,0,4,17,1.4623979979,29,0,0,0,0,25
2385,2385000000,9,3,1,3,18,3.4768316285,2998,2,0,0,0,30
2423.2,2423200000,9,2,0,2,18,3.4794313372,3016,8,0,0,0,30
0,0,0,1,1,6,0,0.4771212547,3,4,1,1,0,25
2388.5,2388500000,9,2,1,6,18,3.4766867429,2997,5,0,0,0,31
20.686432,20686432,7,1,0,3,0,0.9542425094,9,1,1,0,0,25
8.75,8750000,7,1,0,3,0,0.7781512504,6,0,0,0,0,25
41,41000000,8,1,1,12,1,1.5797835966,38,3,0,1,0,25
0,0,0,3,1,13,2,1,10,0,0,0,0,25
158.5,158500000,8,2,1,9,1,2.1271047984,134,29,0,1,0,25
78.029,78029000,8,2,1,6,2,1.3979400087,25,2,1,0,0,25
197,197000000,8,2,1,7,3,2.278753601,190,1,1,0,0,25
0,0,0,2,0,3,1,0.7781512504,6,0,0,0,0,44
0,0,0,4,1,12,1,1.3222192947,21,0,0,0,0,25
1187.166511,1187166511,9,5,1,7,5,3.3567904604,2274,8,0,0,0,25
1575.95,1575950000,9,3,1,10,0,2.2278867046,169,12,1,0,1,25
1750.666511,1750666511,9,2,1,8,9,3.3872118003,2439,13,0,0,0,38
1187.166511,1187166511,9,5,1,12,5,3.3565994357,2273,3,0,0,0,25
25.762,25762000,7,1,1,3,0,1.8512583487,71,0,0,0,0,25
25.762,25762000,7,1,0,1,0,1.8512583487,71,2,0,0,0,25
32.762,32762000,8,2,0,2,0,1.9190780924,83,8,0,0,0,25
41,41000000,8,2,1,4,1,1.5797835966,38,0,0,0,0,25
88.598258,88598258,8,9,1,13,1,1.079181246,12,5,0,0,0,25
0,0,0,1,0,3,6,0,1,0,0,0,0,25
8.7,8700000,7,5,1,6,4,2.5065050324,321,2,1,0,0,25
19.3,19300000,7,1,1,4,0,0.3010299957,2,1,0,0,0,25
0,0,0,1,1,5,0,1.079181246,12,4,0,1,0,25
8,8000000,7,1,1,4,0,0,0,0,1,0,1,25
0,0,0,1,0,3,0,0.3010299957,2,0,0,0,0,25
55.5,55500000,8,4,1,6,0,1.7075701761,51,14,0,0,0,25
23.3,23300000,7,3,1,10,0,1.6232492904,42,5,1,0,1,25
0.5,500000,6,1,0,1,0,0,0,0,0,0,0,25
22,22000000,7,2,0,2,4,1.4623979979,29,0,0,0,0,25
21.3,21300000,7,4,1,15,1,1.7075701761,51,28,0,0,0,44
23.35,23350000,7,1,0,3,2,1.4623979979,29,0,1,0,1,25
23.35,23350000,7,1,0,1,2,1.4623979979,29,0,0,0,0,25
69.75,69750000,8,1,0,5,2,1.6127838567,41,0,1,0,1,25
6,6000000,7,1,1,13,0,0,0,3,0,0,0,25
0,0,0,1,1,23,0,1.5185139399,33,0,0,0,0,25
30.632151,30632151,7,5,1,11,3,1.6127838567,41,0,1,0,0,25
88.651133,88651133,8,2,0,8,1,1.2041199827,16,0,0,0,0,25
56.99,56990000,8,3,0,5,10,1.1461280357,14,0,1,0,0,25
0.8,800000,6,2,0,3,0,0.4771212547,3,0,0,1,0,25
55,55000000,8,1,0,2,1,1.0413926852,11,0,0,0,0,25
119,119000000,8,3,1,5,0,2.0334237555,108,1,0,0,0,42
3.9,3900000,7,2,1,26,0,0.4771212547,3,6,1,0,0,25
0,0,0,2,1,9,0,1.1139433523,13,0,1,0,1,25
4.7,4700000,7,1,0,1,1,1.079181246,12,0,0,0,0,25
4.7,4700000,7,1,1,3,1,1.079181246,12,0,0,0,0,25
162.4,162400000,8,4,1,9,1,1.4771212547,30,0,1,0,1,25
0,0,0,1,0,2,0,0,0,0,0,0,0,25
11.5,11500000,7,2,1,4,3,2.7781512504,600,0,0,0,0,37
11.5,11500000,7,2,1,5,3,2.7781512504,600,10,1,0,0,36
14.699973,14699973,7,1,0,1,4,1.7242758696,53,0,0,0,0,25
46.35,46350000,8,5,1,7,0,2.0492180227,112,8,0,0,0,25
35.05,35050000,8,2,0,4,0,1.2552725051,18,3,1,0,0,25
8,8000000,7,2,0,4,0,1.9344984512,86,1,0,0,0,25
60.31,60310000,8,1,0,2,2,2.0755469614,119,0,1,1,0,25
60.31,60310000,8,1,0,1,2,2.0755469614,119,2,0,0,0,25
1.5,1500000,6,2,0,7,0,0.6020599913,4,0,0,1,0,25
0,0,0,2,0,6,0,0,0,0,0,0,0,25
22,22000000,7,3,0,10,1,1.9777236053,95,0,0,1,0,25
4,4000000,7,1,0,3,1,1.4913616938,31,1,0,0,0,25
10.25,10250000,7,1,1,3,1,2.5587085705,362,9,0,0,1,25
10.25,10250000,7,1,0,2,1,2.5587085705,362,3,1,0,0,25
10.25,10250000,7,1,0,1,1,2.5587085705,362,3,0,0,0,43
0,0,0,1,0,1,1,0,1,0,0,0,0,25
15,15000000,7,3,1,6,2,1.1760912591,15,1,0,0,0,46
0,0,0,1,0,4,0,0.6989700043,5,0,0,0,0,25
386.76,386760000,9,5,0,8,1,1.361727836,23,2,0,0,0,25
52.5,52500000,8,1,0,1,1,1,10,0,0,0,0,25
0,0,0,2,0,5,0,1.5051499783,32,0,1,0,0,25
1.7,1700000,6,3,1,8,3,1.6020599913,40,1,0,0,0,25
9,9000000,7,1,0,1,17,1.4313637642,27,0,0,0,0,25
9,9000000,7,1,0,4,17,1.4313637642,27,1,0,0,0,25
0,0,0,2,1,6,1,0.3010299957,2,0,0,0,0,46
0,0,0,3,1,16,0,0.3010299957,2,0,1,0,0,25
12,12000000,7,2,0,2,23,0.3010299957,2,0,0,0,0,25
0,0,0,1,0,1,1,0.3010299957,2,0,0,0,0,25
12,12000000,7,1,1,2,22,0,0,0,0,0,0,25
0,0,0,1,0,8,0,0,0,0,0,0,0,25
0,0,0,1,1,9,1,1.278753601,19,11,0,0,0,25
0,0,0,1,0,2,1,1.278753601,19,3,0,0,0,25
46,46000000,8,2,0,3,3,1.4623979979,29,4,0,0,0,25
46,46000000,8,2,0,3,3,1.4623979979,29,0,0,0,0,25
46,46000000,8,2,0,3,3,1.4623979979,29,0,0,1,0,25
46,46000000,8,2,0,3,3,1.4623979979,29,0,0,0,0,25
46,46000000,8,2,0,4,3,1.4623979979,29,0,0,0,0,25
247.505032,247505032,8,5,1,11,6,2.6106601631,408,1,1,1,1,48
247.505032,247505032,8,4,0,5,7,2.5820633629,382,3,0,0,0,38
0,0,0,1,0,11,0,0,0,0,0,0,0,25
6,6000000,7,5,0,7,1,1.531478917,34,1,0,0,0,47
30,30000000,7,1,0,1,2,1.3979400087,25,0,0,0,0,25
30,30000000,7,1,0,1,2,1.3979400087,25,0,0,0,0,25
12.5,12500000,7,2,0,7,2,0.3010299957,2,0,1,0,0,25
12.5,12500000,7,1,0,2,2,0.3010299957,2,0,0,0,0,37
6.7,6700000,7,1,0,2,1,1.2304489214,17,0,0,0,0,25
6.7,6700000,7,1,1,5,1,1.2304489214,17,0,0,1,0,25
3.9,3900000,7,1,0,2,0,1.3979400087,25,0,0,0,0,25
168.899155,168899155,8,3,1,8,5,0.6020599913,4,0,0,0,0,25
0,0,0,1,0,6,0,0,0,0,0,1,0,25
18,18000000,7,1,0,1,2,0.7781512504,6,0,0,0,0,25
18,18000000,7,1,0,2,2,0.7781512504,6,0,0,0,0,47
3.5,3500000,7,1,0,3,1,1.079181246,12,0,1,0,1,25
3.5,3500000,7,2,0,4,1,1.079181246,12,0,0,0,0,25
43,43000000,8,3,1,19,0,0.903089987,8,12,0,0,0,25
0,0,0,1,0,4,0,0,0,0,0,1,0,25
53.400191,53400191,8,2,0,3,7,0.6020599913,4,5,0,1,0,30
53.400191,53400191,8,1,0,3,5,0.4771212547,3,0,0,0,0,25
0,0,0,1,1,6,1,1.2041199827,16,1,1,0,0,25
0,0,0,1,1,9,0,1.2552725051,18,20,0,0,0,36
56,56000000,8,1,1,4,0,2.2380461031,173,18,0,0,0,25
0.775,775000,6,3,1,15,1,1.3424226808,22,3,0,1,1,37
0,0,0,1,1,17,1,1.278753601,19,0,0,0,0,25
0,0,0,1,0,2,1,0,1,0,0,0,0,25
0.05,50000,5,1,0,1,1,1,10,0,0,0,0,25
22.9,22900000,7,4,0,14,2,1.3424226808,22,0,1,0,0,25
0.552,552000,6,1,1,12,1,0.3010299957,2,23,0,1,0,25
37.1,37100000,8,3,1,7,2,1.4771212547,30,1,1,0,1,25
43.8,43800000,8,4,1,21,0,0.84509804,7,3,0,1,0,25
0,0,0,2,1,3,0,0,1,0,0,0,0,25
0,0,0,1,0,3,0,0,0,0,0,0,0,25
99.975336,99975336,8,3,0,3,1,1.7160033436,52,0,1,0,1,25
0,0,0,2,1,10,0,0.6020599913,4,19,0,0,0,25
5,5000000,7,1,0,2,3,1.7558748557,57,0,0,0,0,25
5,5000000,7,1,0,2,3,1.7558748557,57,1,0,0,0,25
5.585,5585000,7,2,0,3,4,1.7558748557,57,0,0,0,0,25
0.75,750000,6,2,1,18,0,1.3222192947,21,7,0,1,0,25
0,0,0,3,0,3,1,0,1,0,0,1,0,25
0,0,0,3,1,12,0,0,1,0,1,0,0,25
4.1,4100000,7,3,1,7,1,1.414973348,26,9,0,0,0,25
4.1,4100000,7,1,0,3,1,1.278753601,19,0,1,0,1,32
4.1,4100000,7,2,0,6,1,1.278753601,19,0,0,0,0,39
0,0,0,1,1,2,0,0,1,0,0,0,0,25
0,0,0,1,0,1,0,0,0,0,0,0,0,25
0,0,0,1,1,7,0,2.079181246,120,0,0,0,0,25
86.735191,86735191,8,5,1,6,2,1.414973348,26,0,0,0,0,51
0,0,0,1,1,25,0,1.3424226808,22,2,1,1,0,25
0,0,0,1,1,8,0,1.3424226808,22,0,1,1,0,25
0,0,0,1,1,21,0,1.3424226808,22,0,1,0,1,25
0,0,0,2,0,4,0,0.3010299957,2,0,1,0,1,25
2,2000000,6,1,0,1,1,0.7781512504,6,0,0,0,0,25
2,2000000,6,1,0,1,1,0.7781512504,6,0,0,0,0,25
15,15000000,7,2,0,3,4,1.8750612634,75,0,0,0,0,25
0,0,0,2,1,31,0,0,0,0,1,0,1,25
11.5,11500000,7,1,1,5,0,0.3010299957,2,2,1,0,0,25
9.8,9800000,7,2,1,14,0,0,1,0,0,0,0,44
57,57000000,8,1,1,2,1,0.3010299957,2,0,1,0,0,25
4.115,4115000,7,2,0,2,3,1,10,0,0,0,0,25
203.5,203500000,8,1,0,2,4,1.7403626895,55,0,0,1,0,25
203.5,203500000,8,1,0,1,4,1.7403626895,55,0,0,0,0,25
203.5,203500000,8,1,0,1,4,1.7403626895,55,0,0,0,0,25
203.5,203500000,8,1,0,1,4,1.7403626895,55,0,0,0,0,25
203.5,203500000,8,1,0,1,4,1.7403626895,55,0,0,0,0,25
2.5,2500000,6,3,0,8,1,0.4771212547,3,0,1,0,0,36
60.9,60900000,8,1,0,1,1,1.6720978579,47,0,1,0,0,25
60.9,60900000,8,1,1,2,1,1.6720978579,47,0,1,0,0,25
6.45,6450000,7,3,1,7,0,0,1,2,0,0,0,25
63,63000000,8,2,1,16,0,0.6020599913,4,0,0,0,0,25
0,0,0,1,0,1,1,0.4771212547,3,0,0,0,0,25
0,0,0,1,0,10,0,0,0,0,0,0,0,25
0,0,0,1,0,4,0,0,0,0,0,0,0,25
12.282455,12282455,7,4,1,19,0,0.7781512504,6,0,1,0,0,25
0,0,0,1,1,11,0,0,0,0,0,0,0,25
0,0,0,1,1,4,0,1.2041199827,16,1,0,0,0,25
0,0,0,1,1,7,0,1.2041199827,16,0,0,0,0,25
8,8000000,7,2,1,5,0,1.5440680444,35,0,1,0,0,25
8.9,8900000,7,4,1,5,0,1.5563025008,36,4,1,1,0,25
8,8000000,7,2,1,8,0,1.5440680444,35,3,1,1,1,44
26,26000000,7,1,1,8,1,1.0413926852,11,0,0,0,1,25
0,0,0,2,1,10,0,1.6232492904,42,0,1,0,0,25
13.77,13770000,7,1,0,1,1,0.6989700043,5,0,0,0,0,25
13.77,13770000,7,1,0,1,1,0.6989700043,5,0,0,0,0,25
13.77,13770000,7,1,0,1,1,0.6989700043,5,0,0,0,0,25
13.77,13770000,7,1,0,1,1,0.6989700043,5,0,0,0,0,25
0,0,0,1,0,1,0,0,0,0,0,0,0,25
1,1000000,6,2,1,11,1,1,10,7,0,0,0,25
1,1000000,6,1,0,6,1,1,10,0,0,0,0,25
1,1000000,6,1,0,7,1,1,10,0,0,0,0,25
35.513,35513000,8,4,1,11,5,1.3010299957,20,0,0,0,0,25
56.3,56300000,8,1,0,1,5,2.1583624921,144,0,0,0,0,25
5,5000000,7,1,1,6,6,0.84509804,7,0,0,0,0,25
46,46000000,8,1,0,1,1,1.2304489214,17,0,0,0,0,25
15.5,15500000,7,1,1,2,1,1,10,0,0,0,0,25
15.5,15500000,7,1,0,1,1,1,10,0,0,0,0,25
0,0,0,1,1,7,0,0,0,0,0,0,0,25
0,0,0,3,1,12,0,0,0,9,0,0,0,61
12.743716,12743716,7,2,1,9,1,1.1760912591,15,1,1,0,0,36
7,7000000,7,1,0,2,2,0.6989700043,5,0,0,0,1,25
0,0,0,1,1,10,0,0,0,17,0,1,0,25
12.931223,12931223,7,12,1,16,0,0.6020599913,4,11,0,0,0,25
40.4,40400000,8,1,0,1,0,1.361727836,23,0,0,0,0,25
7.5,7500000,7,1,0,2,2,0.84509804,7,0,0,0,0,25
7.5,7500000,7,1,0,1,2,0.84509804,7,0,0,0,0,25
7.5,7500000,7,1,0,2,2,0.84509804,7,0,0,0,0,25
70,70000000,8,1,0,2,2,2.0043213738,101,1,1,0,0,25
70,70000000,8,1,1,4,2,2.0043213738,101,0,0,0,0,35
70,70000000,8,1,1,3,2,2.0043213738,101,2,0,0,0,25
199.3,199300000,8,1,0,3,5,1.7323937598,54,2,0,0,0,25
199.3,199300000,8,1,1,3,5,1.7323937598,54,0,0,0,0,25
206.121421,206121421,8,1,1,2,5,2.4668676204,293,0,1,0,0,25
206.121421,206121421,8,1,0,1,5,2.4668676204,293,0,0,0,0,25
0,0,0,1,1,6,0,0.7781512504,6,0,0,0,0,25
0,0,0,1,1,8,0,0.7781512504,6,0,1,0,1,25
21.921435,21921435,7,2,1,4,1,1.2552725051,18,0,1,1,0,25
7,7000000,7,1,0,1,1,1.2552725051,18,0,0,0,0,25
0,0,0,3,0,5,0,0,0,1,0,0,0,25
1.6,1600000,6,1,0,1,1,0.6989700043,5,0,0,0,0,25
11.610454,11610454,7,2,0,2,1,0.6020599913,4,0,1,0,0,25
0,0,0,1,1,6,0,1.7242758696,53,0,0,1,0,30
0,0,0,1,0,3,0,0,0,0,0,1,0,25
10,10000000,7,1,0,4,0,0,0,0,0,0,0,25
0,0,0,1,0,1,1,0.6020599913,4,0,0,0,0,25
0.810801,810801,6,3,1,4,1,0.6020599913,4,1,0,0,0,25
0,0,0,1,0,1,1,0.6020599913,4,0,0,0,0,25
35.05,35050000,8,1,0,1,1,0,0,0,0,0,0,25
1.25,1250000,6,1,0,1,1,1.1461280357,14,0,0,0,0,25
1.25,1250000,6,1,0,1,1,1.1461280357,14,0,0,0,0,25
1.25,1250000,6,1,0,1,1,1.1461280357,14,0,0,0,0,25
10,10000000,7,1,0,5,1,0,1,0,1,1,0,25
0,0,0,2,1,9,0,0,0,0,1,1,1,25
63.500002,63500002,8,1,0,1,6,0.903089987,8,0,0,0,0,25
19.3,19300000,7,3,1,14,4,1.8573324964,72,27,1,0,1,25
2.8,2800000,6,1,1,13,1,0.4771212547,3,31,1,0,1,25
0,0,0,1,0,5,0,0,0,1,1,0,0,44
0,0,0,1,0,6,0,1.2552725051,18,1,0,0,0,25
0.375,375000,6,2,0,3,1,0.6989700043,5,0,0,0,0,25
0,0,0,1,0,1,1,0.6989700043,5,0,0,0,0,25
0,0,0,1,0,1,1,0.6989700043,5,0,0,0,0,25
534.459999,534459999,9,1,1,3,2,1.8920946027,78,17,0,1,0,30
534.459999,534459999,9,1,0,1,2,1.8920946027,78,3,0,1,0,25
0,0,0,1,0,3,0,0,0,0,0,0,0,25
0,0,0,1,0,5,0,0,0,0,0,0,0,25
0,0,0,1,1,6,0,0.4771212547,3,0,0,1,1,25
2.5,2500000,6,4,0,10,1,0.6020599913,4,0,1,0,0,25
67.192715,67192715,8,2,0,6,1,0.84509804,7,0,1,1,0,25
109.8,109800000,8,5,0,6,3,1.414973348,26,0,1,0,0,25
0,0,0,1,0,2,0,0,0,0,0,0,0,25
109.8,109800000,8,1,0,1,3,1.2304489214,17,0,1,0,0,25
109.8,109800000,8,1,0,1,3,1.2304489214,17,0,1,0,0,25
21,21000000,7,2,1,3,1,1.1139433523,13,1,0,0,0,25
7.35,7350000,7,2,0,2,1,1.079181246,12,0,1,0,0,25
22.3,22300000,7,3,0,3,1,1.1139433523,13,0,0,0,0,25
10.825,10825000,7,6,1,10,12,2.2922560714,196,0,0,0,0,60
101.5,101500000,8,4,1,8,1,1.3010299957,20,1,0,1,0,25
101,101000000,8,3,1,9,1,1.1760912591,15,0,0,0,0,25
22.325,22325000,7,1,1,7,3,1.1461280357,14,2,0,0,0,25
0,0,0,1,1,5,0,0,1,0,0,0,0,25
0,0,0,1,0,4,2,1,10,0,0,0,0,45
0,0,0,1,0,1,1,0.4771212547,3,0,0,0,0,42
0,0,0,3,1,5,1,0.4771212547,3,0,0,0,0,42
5.6,5600000,7,2,0,2,3,1.1461280357,14,0,0,0,0,25
5,5000000,7,1,0,1,1,0.6989700043,5,0,0,0,0,25
5,5000000,7,1,0,1,1,0.6989700043,5,0,0,0,0,25
55.2,55200000,8,1,0,3,2,0.9542425094,9,0,0,0,0,25
55.2,55200000,8,1,0,1,2,0.9542425094,9,0,0,0,0,25
1.792817,1792817,6,1,0,1,4,0.4771212547,3,0,0,0,0,25
0,0,0,3,0,14,3,0,0,0,0,1,0,25
23.90306,23903060,7,1,0,3,1,1.3424226808,22,0,1,1,0,25
0,0,0,1,0,2,1,1.8129133566,65,0,0,0,0,25
20.1,20100000,7,2,1,2,1,0.903089987,8,0,0,0,0,25
0,0,0,2,0,6,0,0,0,0,0,0,0,25
44,44000000,8,1,0,1,1,1.3222192947,21,0,1,0,0,25
183.8,183800000,8,4,1,6,2,1.5185139399,33,0,1,0,1,25
34.3,34300000,8,1,0,1,4,1.1139433523,13,1,0,0,0,25
34.3,34300000,8,3,1,5,4,1.2552725051,18,4,0,0,0,25
26,26000000,7,3,1,10,0,0,0,1,0,0,0,25
10,10000000,7,3,1,7,1,1.0413926852,11,42,0,0,0,36
4.2,4200000,7,2,1,17,0,0.84509804,7,0,1,0,1,25
0,0,0,2,1,5,0,1.4913616938,31,1,0,0,0,25
16.2,16200000,7,1,1,7,0,0,0,0,0,0,0,25
0,0,0,1,0,7,1,0,1,0,0,1,0,25
0,0,0,1,0,1,1,0,1,0,0,0,0,25
0,0,0,1,0,1,1,0,1,0,0,0,0,25
0,0,0,1,0,1,1,0,1,0,0,0,0,25
0,0,0,1,0,1,1,0,1,0,0,0,0,25
8.5,8500000,7,4,1,7,4,0.903089987,8,0,0,0,0,43
8.5,8500000,7,3,0,4,4,0.6989700043,5,0,0,0,0,25
7.175,7175000,7,1,1,10,2,1.3222192947,21,11,1,0,0,36
7.175,7175000,7,1,1,3,2,1.3222192947,21,2,1,0,0,25
0,0,0,1,1,10,0,0.4771212547,3,0,0,1,0,25
0,0,0,1,0,4,0,0,0,0,0,0,0,25
0,0,0,1,1,11,3,0,0,15,0,1,0,25
0,0,0,1,0,1,1,0,1,0,0,0,0,25
0,0,0,1,0,3,0,0.7781512504,6,0,0,0,0,25
5,5000000,7,1,0,1,6,0,0,0,0,0,0,25
46.77,46770000,8,1,1,7,6,1.4313637642,27,0,0,0,0,25
46.77,46770000,8,1,0,2,6,1.4313637642,27,0,0,0,0,25
46.77,46770000,8,1,0,1,6,1.4313637642,27,0,0,0,0,25
55.45,55450000,8,2,1,8,0,1.1139433523,13,3,0,0,0,25
0,0,0,1,0,3,0,0,0,1,0,0,0,25
0.8,800000,6,4,0,5,1,0.84509804,7,0,0,0,0,25
0.5,500000,6,1,1,3,0,0,1,0,0,0,0,46
0,0,0,1,0,3,0,0,0,0,0,0,0,25
130.552663,130552663,8,1,1,3,3,0.84509804,7,2,0,1,0,25
130.552663,130552663,8,1,0,2,3,0.84509804,7,0,0,1,0,25
5.5,5500000,7,2,1,13,1,0.903089987,8,1,0,1,0,25
0,0,0,1,1,8,0,0,0,0,0,0,0,25
0,0,0,1,0,1,0,0,0,0,0,1,0,25
0.58444,584440,6,2,0,4,2,0.4771212547,3,0,0,0,0,25
0,0,0,1,0,1,1,0,1,0,0,0,0,25
0,0,0,1,0,7,0,0,0,0,0,1,0,25
62.1,62100000,8,2,1,4,2,1.6127838567,41,1,0,0,0,25
69.713881,69713881,8,2,1,3,4,1.7075701761,51,0,0,0,0,25
52,52000000,8,1,1,2,1,1.6334684556,43,0,0,0,0,25
17.5,17500000,7,1,0,3,1,0.903089987,8,3,1,1,0,25
17.5,17500000,7,1,0,2,1,0.903089987,8,0,0,0,0,25
28.701975,28701975,7,2,1,5,0,1.4313637642,27,0,0,0,0,35
28.701975,28701975,7,2,1,3,0,1.4313637642,27,0,0,0,0,25
5,5000000,7,1,0,1,1,1.1461280357,14,0,0,0,0,25
5,5000000,7,1,0,2,1,1.1461280357,14,7,0,1,0,25
206.121421,206121421,8,1,1,8,5,2.4668676204,293,0,1,0,1,25
21.5,21500000,7,1,0,2,2,1.3424226808,22,0,0,0,0,25
21.5,21500000,7,1,1,8,2,1.3424226808,22,0,0,1,0,25
53.46,53460000,8,3,1,7,3,1.8512583487,71,2,0,1,0,25
0,0,0,1,1,14,0,0,0,0,0,1,0,25
7.25,7250000,7,4,0,7,4,1.0413926852,11,7,0,0,0,25
0,0,0,2,0,4,1,1.2552725051,18,0,0,0,0,47
40.927053,40927053,8,1,0,4,2,0.6989700043,5,0,0,0,0,25
0,0,0,1,0,1,0,0,0,0,0,0,0,25
0,0,0,1,0,3,1,0.6020599913,4,0,1,0,0,25
28,28000000,7,1,0,1,4,0.4771212547,3,0,0,0,0,25
0,0,0,1,0,1,0,0,0,0,0,0,0,25
0.075,75000,5,1,0,1,0,0,0,0,0,0,0,25
6.5,6500000,7,1,0,1,2,0.3010299957,2,0,0,0,0,25
0,0,0,1,0,1,1,0.4771212547,3,0,0,0,0,25
15.8737,15873700,7,1,0,1,0,1.361727836,23,0,0,0,0,25
15.8737,15873700,7,1,0,2,0,1.361727836,23,1,0,0,0,43
15.8737,15873700,7,1,0,1,0,1.361727836,23,1,0,0,0,25
1.5,1500000,6,1,0,1,1,0.903089987,8,0,0,0,0,25
44.72,44720000,8,1,0,2,1,1.278753601,19,0,0,0,0,25
44.72,44720000,8,2,0,5,1,1.278753601,19,0,0,0,0,25
0,0,0,3,0,4,0,0,0,0,0,0,0,25
5,5000000,7,1,0,1,2,0,1,0,0,0,0,25
7.3,7300000,7,2,0,3,1,0.4771212547,3,0,0,0,0,25
39.7,39700000,8,2,0,2,1,0,1,0,0,0,0,25
43,43000000,8,3,0,4,6,0.9542425094,9,0,0,0,0,25
2,2000000,6,3,1,3,1,0,1,1,0,0,0,25
8.393798,8393798,7,1,0,3,1,0.9542425094,9,0,0,1,0,25
8.393798,8393798,7,1,0,2,1,0.9542425094,9,0,0,0,0,25
2.06,2060000,6,1,0,3,2,0.3010299957,2,0,0,0,0,25
0,0,0,1,0,1,1,0.9542425094,9,0,0,0,0,25
0,0,0,1,1,3,0,0,1,0,0,0,0,25
0,0,0,5,0,5,1,0.7781512504,6,0,0,0,0,25
43,43000000,8,1,0,1,5,0.9542425094,9,0,0,0,0,25
0,0,0,3,0,5,0,0,0,0,0,0,0,25
0,0,0,1,0,1,0,0.4771212547,3,2,0,0,0,25
0,0,0,2,1,18,0,0.903089987,8,3,0,1,0,25
0,0,0,3,0,3,1,1.1461280357,14,0,0,0,0,25
0,0,0,3,0,3,1,1.1461280357,14,0,0,1,0,25
0,0,0,1,0,1,1,0,1,0,0,0,0,25
8.15,8150000,7,4,0,6,1,1.0413926852,11,0,1,1,0,49
0,0,0,1,0,2,0,2.2695129442,186,0,0,0,0,66
23.6,23600000,7,1,0,1,1,0.6020599913,4,0,1,0,0,25
0,0,0,1,1,3,0,1.4623979979,29,0,0,0,0,25
0,0,0,1,1,2,0,0,0,0,0,0,0,25
1.75,1750000,6,4,0,7,1,1.4471580313,28,0,1,0,0,25
0,0,0,2,0,4,1,1,10,0,0,0,0,25
0,0,0,1,1,6,0,0,0,0,0,0,0,25
0,0,0,1,0,9,0,0,0,0,0,0,0,25
33.386478,33386478,8,1,0,1,4,0.6020599913,4,0,0,0,0,25
2.06,2060000,6,1,0,1,2,0.3010299957,2,0,0,0,0,25
8,8000000,7,1,1,5,0,1.5440680444,35,3,0,0,0,25
0,0,0,1,0,3,0,0,0,0,0,0,0,25
45.5,45500000,8,2,1,5,4,1.1760912591,15,0,0,1,0,25
20,20000000,7,1,0,1,4,1.0413926852,11,0,0,0,0,25
14.16351,14163510,7,1,0,4,0,0.3010299957,2,0,0,1,0,25
177.8,177800000,8,3,1,5,15,1.9493900066,89,0,0,1,1,48
39.8,39800000,8,2,1,4,5,1.5797835966,38,0,0,0,0,25
50.1,50100000,8,2,1,9,2,1.9542425094,90,102,0,0,0,31
90.315,90315000,8,2,0,5,2,2.0492180227,112,2,1,0,0,25
21.05,21050000,7,4,0,9,5,1.1760912591,15,1,0,0,0,25
21.05,21050000,7,2,1,11,5,1.1760912591,15,8,1,0,0,25
11.9,11900000,7,1,0,1,5,0.7781512504,6,0,0,0,0,25
11.9,11900000,7,1,0,1,5,0.7781512504,6,0,0,0,0,25
0.315,315000,5,1,0,5,2,0.6989700043,5,0,1,0,0,25
0.315,315000,5,1,0,3,2,0.6989700043,5,0,1,0,1,25
144.760181,144760181,8,2,0,7,1,1.079181246,12,0,0,0,0,25
0,0,0,1,0,4,0,0,0,0,0,0,0,25
2.5,2500000,6,1,0,3,0,0.3010299957,2,4,0,1,1,36
0,0,0,1,0,1,1,0.3010299957,2,0,1,0,0,25
0,0,0,1,0,1,1,0.3010299957,2,0,0,0,0,25
0,0,0,1,0,2,1,0.3010299957,2,0,1,0,1,25
25,25000000,7,1,0,1,1,1.278753601,19,0,0,0,0,54
25,25000000,7,1,0,1,1,1.278753601,19,0,0,0,0,25
0,0,0,1,0,1,1,0,1,0,0,0,0,25
0,0,0,1,0,1,1,0,1,0,0,0,0,25
1.5,1500000,6,2,1,15,2,1.1461280357,14,0,0,0,0,25
1.2,1200000,6,3,1,10,0,0,1,1,0,0,0,25
36,36000000,8,1,0,1,1,1.1461280357,14,0,0,0,1,52
36,36000000,8,1,0,1,1,1.1461280357,14,0,0,0,0,25
21.4,21400000,7,1,1,6,1,0.7781512504,6,1,0,0,0,25
6,6000000,7,6,1,33,0,0.3010299957,2,2,0,0,0,25
6,6000000,7,1,1,9,0,0.3010299957,2,0,0,0,0,25
14.4,14400000,7,1,1,3,1,0.6989700043,5,1,0,0,0,25
14.4,14400000,7,1,0,1,1,0.6989700043,5,0,0,0,0,25
14.4,14400000,7,2,0,2,1,0.6989700043,5,0,0,0,0,25
0,0,0,1,1,25,0,0,1,0,1,0,0,25
4.3,4300000,7,2,0,2,0,0.84509804,7,0,0,0,0,25
0,0,0,1,0,1,0,0.84509804,7,0,0,0,0,25
0,0,0,1,0,1,0,0.84509804,7,0,0,0,0,25
4,4000000,7,1,0,1,1,0.903089987,8,0,0,0,0,25
4,4000000,7,1,0,1,1,0.903089987,8,0,0,0,0,25
2.741668,2741668,6,1,0,4,0,0.3010299957,2,0,0,0,0,25
169.007658,169007658,8,3,0,5,2,1.8573324964,72,1,0,1,0,25
1.5,1500000,6,2,0,8,0,0,0,3,0,0,0,25
0.505185,505185,6,1,0,4,1,0,0,0,0,0,0,25
0,0,0,1,0,7,0,0,0,0,0,0,0,25
1.1,1100000,6,1,0,2,0,0,0,0,0,0,0,25
0,0,0,1,1,9,0,0.6989700043,5,0,0,1,0,25
0,0,0,1,0,1,1,0.6020599913,4,0,0,0,0,25
343,343000000,9,7,1,14,5,2.3909351071,246,48,1,0,0,39
0,0,0,1,0,2,0,0,0,0,0,0,0,25
6,6000000,7,1,1,5,0,1.2041199827,16,4,0,0,0,25
0,0,0,1,1,19,0,0,0,6,0,0,0,46
0,0,0,1,0,1,0,0,0,0,0,0,0,25
0,0,0,1,1,4,0,0,0,1,0,0,0,25
0,0,0,1,0,2,0,0,0,0,0,0,0,25
193.899314,193899314,8,3,1,6,1,0.3010299957,2,0,1,0,1,25
0,0,0,2,0,7,0,0,1,0,0,1,0,25
34.7999,34799900,8,1,0,2,0,0,0,0,0,0,0,25
0,0,0,1,1,10,0,0.6020599913,4,0,0,1,0,48
0,0,0,2,0,3,0,0.3010299957,2,0,0,0,0,25
34,34000000,8,1,1,7,0,2.0293837777,107,98,0,0,0,46
34,34000000,8,2,0,2,3,2.0453229788,111,3,0,0,0,25
34,34000000,8,1,1,7,0,2.0293837777,107,3,1,0,0,50
0.315,315000,5,1,0,5,1,0.6989700043,5,0,0,0,0,32
0.315,315000,5,1,0,1,1,0.6989700043,5,0,0,0,0,25
0,0,0,1,1,12,0,0,0,0,0,0,0,25
0,0,0,1,0,4,0,0,0,0,1,0,1,25
0,0,0,1,1,10,0,0,0,0,1,0,1,25
0,0,0,1,0,1,0,0.3010299957,2,0,0,0,0,25
29,29000000,7,2,1,3,1,0.84509804,7,0,1,0,0,25
0,0,0,1,0,1,1,0,0,0,0,0,0,25
0,0,0,1,0,2,1,0,0,0,0,0,0,25
0,0,0,1,0,2,1,0,0,0,0,0,0,25
31.5,31500000,7,3,0,3,4,0.9542425094,9,0,0,0,0,25
31.93,31930000,8,1,0,3,2,0.4771212547,3,0,0,0,0,25
31.93,31930000,8,3,0,6,2,0.4771212547,3,0,1,0,0,25
65,65000000,8,2,0,4,2,1.3010299957,20,1,0,0,0,25
0,0,0,2,0,2,2,0.6989700043,5,0,0,0,0,25
70,70000000,8,1,0,10,3,0.9542425094,9,0,0,0,0,25
0,0,0,3,0,4,1,0.7781512504,6,0,0,0,0,44
0,0,0,1,0,1,1,0.7781512504,6,0,0,0,0,25
0,0,0,2,0,4,1,0.7781512504,6,0,0,1,0,25
0,0,0,1,1,11,1,1.1139433523,13,0,1,0,0,25
69,69000000,8,1,1,3,0,0.3010299957,2,1,0,0,0,25
0,0,0,1,1,2,0,0,0,0,0,1,0,25
0,0,0,1,0,7,3,0.3010299957,2,0,0,1,0,44
1.099988,1099988,6,2,0,4,0,1.2041199827,16,0,1,0,0,25
0.515,515000,6,1,0,2,0,1.079181246,12,0,0,0,0,27
0,0,0,2,0,4,0,0,0,0,0,0,0,25
6.309,6309000,7,2,0,4,2,1.079181246,12,0,0,0,0,25
1.309,1309000,6,1,1,5,2,0.6020599913,4,0,0,1,0,25
0,0,0,1,0,1,1,0,1,0,0,0,0,25
0,0,0,1,0,2,1,0,1,0,0,0,0,25
2.781,2781000,6,1,0,1,1,0.3010299957,2,0,0,0,0,25
2.781,2781000,6,1,0,1,1,0.3010299957,2,0,0,0,0,25
0,0,0,2,0,4,1,0.4771212547,3,0,1,0,0,32
6,6000000,7,2,1,5,1,0.4771212547,3,5,0,1,0,25
6,6000000,7,2,0,2,1,0.4771212547,3,0,0,0,0,25
151.650012,151650012,8,2,0,2,3,0.6989700043,5,0,0,1,0,25
0,0,0,1,0,1,2,1.0413926852,11,0,0,0,0,25
0,0,0,1,0,1,2,1.0413926852,11,0,0,0,0,25
0,0,0,1,0,3,0,0,0,0,1,0,0,25
4,4000000,7,1,0,1,0,0.84509804,7,0,0,0,0,25
0,0,0,1,0,12,0,0,0,0,0,0,0,25
0,0,0,3,0,5,0,0,0,0,0,0,0,25
0.015,15000,4,2,0,4,1,0.3010299957,2,0,1,0,0,25
20.536346,20536346,7,3,0,6,1,0.6020599913,4,0,0,0,0,25
0,0,0,1,0,2,1,0.6989700043,5,0,0,0,0,25
0,0,0,1,0,1,1,0,1,0,0,0,0,25
0,0,0,1,0,2,1,0,1,0,0,0,0,25
0,0,0,1,0,1,1,0,1,0,0,0,0,25
0,0,0,3,1,8,0,0,1,0,1,0,0,25
0,0,0,1,1,9,0,0,0,0,0,1,0,25
0,0,0,2,0,2,1,0,1,0,0,0,0,25
0,0,0,1,0,2,1,0,1,0,1,0,0,25
0,0,0,1,0,4,0,0,0,0,0,0,0,25
0,0,0,3,0,7,0,0,0,0,1,0,0,25
68.5,68500000,8,1,0,2,0,1.4313637642,27,0,0,0,0,25
68.5,68500000,8,1,0,1,0,1.4313637642,27,0,0,0,0,25
0,0,0,1,0,2,0,0.3010299957,2,0,0,0,0,59
0,0,0,1,0,2,0,0,0,0,0,0,0,25
12.7,12700000,7,1,0,1,1,1.2041199827,16,0,0,0,0,25
73.2,73200000,8,4,1,8,0,1.3424226808,22,0,0,1,0,25
3.5,3500000,7,2,0,8,0,0.6020599913,4,0,1,0,0,25
57.7,57700000,8,3,0,5,11,0.3010299957,2,3,0,1,0,1014
0,0,0,1,1,19,0,0,0,0,0,1,0,25
148.377171,148377171,8,6,0,9,1,1.7075701761,51,4,0,0,0,25
28.3,28300000,7,1,0,4,1,1.4771212547,30,0,0,0,0,25
1,1000000,6,1,0,2,1,0,1,0,0,0,0,25
65.1,65100000,8,2,0,2,1,0.6989700043,5,0,0,1,0,25
36.14,36140000,8,1,0,1,4,0.4771212547,3,0,0,1,0,25
6.5,6500000,7,1,0,1,1,0.4771212547,3,0,0,0,0,25
0.012,12000,4,3,0,4,3,0.6989700043,5,0,0,1,0,30
0.012,12000,4,1,0,4,2,0.6020599913,4,0,0,0,0,28
26,26000000,7,1,0,2,1,0.3010299957,2,0,1,0,0,25
0,0,0,1,0,15,0,0,0,3,0,0,0,25
0,0,0,1,1,7,2,1.278753601,19,0,1,0,1,25
0,0,0,1,0,1,6,0.6989700043,5,0,0,0,0,25
0,0,0,1,0,3,6,0.6989700043,5,1,0,0,0,25
12.4,12400000,7,1,0,1,2,0.84509804,7,0,1,0,0,25
1.5,1500000,6,4,0,4,1,0,0,0,0,0,0,25
0,0,0,1,0,1,1,0,0,0,0,0,0,25
0,0,0,1,0,2,1,0.6989700043,5,0,0,0,0,25
25,25000000,7,4,0,9,1,1.079181246,12,0,0,0,0,35
2.25,2250000,6,1,1,13,1,0.4771212547,3,1,0,0,1,25
0,0,0,3,0,4,2,1.0413926852,11,0,0,0,0,25
0,0,0,1,0,5,0,0,0,0,0,1,0,25
0,0,0,1,0,6,0,0,0,0,0,0,0,25
1,1000000,6,3,0,12,1,0.4771212547,3,0,0,0,0,25
12.699985,12699985,7,3,0,4,1,0.6989700043,5,0,0,1,0,25
7.428,7428000,7,3,0,5,1,0.9542425094,9,0,0,0,0,25
0,0,0,2,1,7,0,0.9542425094,9,0,0,0,0,25
8.5,8500000,7,7,1,31,0,1.1461280357,14,20,1,0,0,25
161,161000000,8,1,1,4,0,2,100,10,1,0,0,25
0,0,0,1,0,1,1,0,1,0,0,0,0,25
40.75,40750000,8,3,1,4,4,1.5185139399,33,0,0,0,1,25
48.913,48913000,8,2,1,9,7,1.6334684556,43,0,0,1,0,25
0,0,0,2,0,7,6,0,0,0,1,0,0,25
0,0,0,1,0,2,1,0.4771212547,3,0,0,0,0,25
142.799,142799000,8,1,0,2,1,0.84509804,7,0,0,0,0,25
0.015,15000,4,1,0,3,1,0.3010299957,2,0,1,0,1,25
0.015,15000,4,1,0,3,1,0.3010299957,2,0,1,0,0,25
2.09492,2094920,6,3,0,4,0,1.6020599913,40,0,0,0,0,25
2.09492,2094920,6,4,0,10,0,1.6020599913,40,0,0,0,0,25
1.915,1915000,6,1,1,11,1,0.4771212547,3,0,0,1,0,25
1.61,1610000,6,4,0,5,2,0.4771212547,3,0,0,0,0,32
0.21,210000,5,1,1,5,2,0,1,0,0,0,0,25
0,0,0,1,1,2,0,0,0,0,0,0,0,25
0.015,15000,4,1,0,3,3,0,1,0,0,0,0,25
0.015,15000,4,1,0,1,3,0,1,0,0,0,0,25
15.045117,15045117,7,4,1,8,4,1.8260748027,67,0,0,1,0,30
0.415,415000,6,1,0,1,1,0.9542425094,9,0,0,0,0,25
0.415,415000,6,1,0,2,1,0.9542425094,9,0,0,0,0,25
0.455,455000,6,1,0,3,1,0.7781512504,6,0,0,0,0,25
1.039988,1039988,6,3,0,3,1,1,10,0,1,0,0,30
0.015,15000,4,1,0,1,0,0.7781512504,6,0,0,0,0,25
0.515,515000,6,2,1,10,0,0.9542425094,9,0,1,1,0,25
0.015,15000,4,2,0,8,0,1.1139433523,13,0,1,0,0,25
1107.215,1107215000,9,3,1,6,2,2.1553360375,143,5,1,0,0,25
1107.215,1107215000,9,1,0,1,2,2.1461280357,140,0,0,0,0,29
0.889999,889999,6,3,0,3,3,0.3010299957,2,0,0,0,0,25
0.889999,889999,6,1,0,2,3,0.3010299957,2,0,0,0,0,25
0.889999,889999,6,1,1,5,3,0.3010299957,2,0,0,0,0,25
0,0,0,2,0,2,0,0,0,0,0,1,1,25
2.515,2515000,6,1,0,1,3,1,10,0,0,0,0,25
0,0,0,1,1,10,0,1.2041199827,16,1,0,0,0,74
0,0,0,2,1,36,0,0.6020599913,4,5,1,0,0,63
0,0,0,2,1,11,0,1.361727836,23,15,1,0,0,59
25.1,25100000,7,1,0,1,116,3.6638892986,4612,3,1,0,1,25
13,13000000,7,1,0,5,0,0,0,0,0,1,0,49
33.5,33500000,8,2,1,8,1,1.5682017241,37,4,0,1,0,25
0,0,0,3,1,4,1,1.3424226808,22,9,1,0,1,25
8,8000000,7,4,0,10,1,1.2552725051,18,0,1,0,0,41
69.5,69500000,8,3,1,12,1,1.3010299957,20,81,1,0,0,25
8,8000000,7,1,0,5,1,1.2552725051,18,16,0,0,0,37
0,0,0,1,0,3,1,0.4771212547,3,0,0,0,0,25
0,0,0,3,0,3,1,0.6020599913,4,0,0,0,0,25
5.7,5700000,7,1,1,7,1,0.903089987,8,6,0,0,0,25
5.7,5700000,7,2,0,2,3,1.3802112417,24,2,0,1,0,25
5.7,5700000,7,1,1,3,1,0.903089987,8,0,0,0,0,25
0.05,50000,5,2,1,3,2,1.2304489214,17,0,0,0,0,25
0,0,0,2,1,7,0,0,1,48,0,1,0,56
22,22000000,7,2,1,7,7,2.751279104,564,0,0,1,0,48
0,0,0,1,0,1,2,2.7101173651,513,0,0,0,0,39
74.675009,74675009,8,3,1,8,6,2.7218106152,527,2,0,0,0,25
5.75,5750000,7,2,0,2,2,0.6989700043,5,0,0,0,0,25
5.75,5750000,7,1,0,1,2,0.6989700043,5,0,0,0,0,25
30,30000000,7,1,0,3,0,0.6020599913,4,0,0,0,0,25
30,30000000,7,1,0,2,0,0.6020599913,4,4,0,0,0,25
12.3,12300000,7,4,0,5,1,0.84509804,7,1,0,0,0,45
0,0,0,1,0,2,4,0,0,0,0,0,0,25
4,4000000,7,1,1,2,3,1.6020599913,40,0,0,1,0,36
0,0,0,2,1,12,0,1.414973348,26,0,0,0,0,25
9.7,9700000,7,1,1,3,0,0,0,0,0,0,0,25
26.5,26500000,7,1,1,2,1,0.7781512504,6,0,0,0,0,25
26.5,26500000,7,1,0,1,1,0.7781512504,6,0,0,0,0,25
0,0,0,1,0,2,0,0,0,0,0,0,0,25
3.8451,3845100,7,1,1,4,2,1.1139433523,13,5,0,0,0,25
0,0,0,1,0,9,0,0,0,0,0,1,0,25
25.107724,25107724,7,1,0,2,3,1.3802112417,24,2,0,0,0,25
25.107724,25107724,7,1,0,2,3,1.3802112417,24,1,0,0,0,25
0,0,0,1,1,7,0,0,1,0,1,0,0,25
0,0,0,1,0,4,0,0,1,0,0,1,0,25
163.6,163600000,8,2,1,9,0,0,1,0,1,0,0,25
8.5,8500000,7,1,1,10,3,0.7781512504,6,0,0,0,0,25
8.5,8500000,7,1,0,1,3,0.7781512504,6,0,0,0,0,25
8.5,8500000,7,1,0,1,3,0.7781512504,6,0,0,0,0,25
8.5,8500000,7,1,0,1,3,0.7781512504,6,0,0,0,0,25
56.628771,56628771,8,1,0,1,1,1.1461280357,14,0,0,0,0,25
0.26,260000,5,3,1,19,0,1.079181246,12,8,0,0,0,25
48.1095,48109500,8,4,1,8,0,1.079181246,12,0,0,1,0,43
0,0,0,1,0,1,1,0,0,0,0,0,0,25
9,9000000,7,1,0,1,1,1.3222192947,21,0,0,0,0,25
0,0,0,2,0,6,0,0,0,0,0,0,0,25
0,0,0,1,0,2,0,0,0,0,0,1,0,25
343.47,343470000,9,1,0,1,1,1.4313637642,27,0,0,0,0,25
0,0,0,1,1,11,0,0,0,0,1,0,0,25
6.7,6700000,7,2,1,14,0,0.4771212547,3,0,0,0,0,25
0,0,0,1,0,1,0,0.3010299957,2,0,0,0,0,25
0,0,0,1,0,1,0,0,0,0,0,0,0,25
0,0,0,1,0,1,0,0,0,0,0,0,0,25
0,0,0,1,0,1,0,0,0,0,0,0,0,25
0,0,0,1,1,4,0,0.84509804,7,0,0,1,0,25
0,0,0,1,1,23,0,0,0,0,0,0,0,25
28,28000000,7,2,0,2,4,0,1,0,0,0,0,25
14,14000000,7,1,0,1,4,0,0,0,0,0,0,25
18,18000000,7,3,1,6,0,1.1139433523,13,1,0,0,0,25
10.5,10500000,7,2,0,8,0,1.1139433523,13,0,0,1,0,25
0,0,0,3,0,8,0,0,0,0,1,0,1,25
8.65,8650000,7,1,0,1,0,0,0,0,0,0,0,25
0,0,0,1,0,4,0,0,0,0,1,0,0,25
0,0,0,1,0,1,0,0,0,0,0,0,0,25
0,0,0,1,0,1,0,0,0,0,0,0,0,25
57.45,57450000,8,4,0,6,0,1.4623979979,29,2,0,0,1,25
0,0,0,1,0,9,0,0,0,0,0,1,1,25
57.45,57450000,8,1,1,7,0,1.361727836,23,0,0,0,0,44
0,0,0,1,0,1,1,0,1,0,0,0,0,25
0,0,0,1,1,10,0,0,0,0,1,0,0,25
0,0,0,2,0,2,3,0,1,0,0,0,0,25
0,0,0,1,1,4,0,0.4771212547,3,4,0,0,0,25
0,0,0,1,1,6,0,1.5051499783,32,3,0,1,0,25
0,0,0,1,0,1,0,0,0,0,0,0,0,25
0,0,0,1,0,5,0,0,0,0,0,0,0,25
77.25,77250000,8,2,0,3,0,0.6989700043,5,11,0,0,0,25
0,0,0,2,0,9,0,0,0,0,1,1,1,25
0,0,0,2,1,10,0,0,1,0,1,0,0,25
20.3,20300000,7,1,1,12,0,0.4771212547,3,2,0,0,0,25
60.979278,60979278,8,2,1,3,0,0.7781512504,6,0,0,0,0,25
49.500019,49500019,8,2,0,2,0,0.6020599913,4,1,0,0,0,25
6,6000000,7,1,0,2,0,0,0,0,0,0,0,25
0,0,0,1,1,2,0,0,0,0,1,1,0,25
9.6,9600000,7,1,1,7,0,0.6020599913,4,0,0,0,0,25
9.45,9450000,7,1,1,5,6,0.3010299957,2,1,0,0,0,25
6.1,6100000,7,2,1,3,1,0.3010299957,2,0,0,0,0,25
0,0,0,3,1,13,0,0,0,1,0,0,0,25
0,0,0,2,0,5,0,0,0,1,0,0,1,25
111,111000000,8,1,0,3,1,0.903089987,8,0,1,1,0,25
111,111000000,8,3,0,7,1,0.903089987,8,0,0,0,0,25
111,111000000,8,1,0,5,1,0.903089987,8,0,0,0,0,25
0,0,0,2,0,3,1,0.6989700043,5,0,0,0,0,25
0,0,0,4,0,7,1,0.6020599913,4,0,0,0,0,34
0,0,0,2,0,4,1,0,0,0,0,0,0,25
0,0,0,2,0,2,1,0.6989700043,5,0,0,0,0,25
49,49000000,8,1,0,5,1,1.1760912591,15,0,1,0,0,25
0,0,0,2,1,5,0,0.4771212547,3,3,0,0,0,25
5,5000000,7,1,1,4,1,0.4771212547,3,0,0,0,0,25
0,0,0,1,0,3,0,0,0,0,0,0,0,25
113,113000000,8,2,0,3,2,0.6989700043,5,0,0,0,0,25
1,1000000,6,1,0,1,1,0.7781512504,6,0,0,0,0,25
0,0,0,1,1,6,0,0,0,0,0,1,0,25
0,0,0,1,0,6,0,0,0,0,0,0,0,25
0,0,0,1,1,17,1,0,0,0,0,1,0,43
55.7,55700000,8,6,1,14,21,2.5611013836,364,19,0,0,0,37
0,0,0,1,0,3,0,0,0,0,0,0,0,25
0,0,0,1,1,25,0,0,1,0,1,0,0,25
0,0,0,1,1,14,0,0,1,0,1,0,1,25
0,0,0,1,1,6,0,0.3010299957,2,0,0,1,0,25
4.58418,4584180,7,1,1,2,0,1.3222192947,21,0,0,0,0,25
4.58418,4584180,7,1,0,1,0,1.3222192947,21,0,0,0,0,25
0,0,0,2,0,3,0,0,0,0,0,0,0,25
0,0,0,1,1,4,0,0,0,0,1,1,0,25
0,0,0,1,1,3,0,0,0,0,0,0,0,25
6.3,6300000,7,1,0,5,1,0.3010299957,2,0,0,1,0,25
6.3,6300000,7,1,0,1,1,0.3010299957,2,0,0,0,0,25
1,1000000,6,2,0,2,1,0.3010299957,2,0,0,0,0,25
1,1000000,6,1,0,1,1,0.3010299957,2,0,0,0,0,25
0,0,0,1,0,1,1,0.3010299957,2,0,0,0,0,25
1,1000000,6,2,0,2,0,1.5051499783,32,0,0,0,0,25
7.51,7510000,7,1,1,3,2,0.7781512504,6,0,1,0,1,25
7.51,7510000,7,1,0,1,2,0.7781512504,6,0,0,0,0,25
6.5,6500000,7,1,0,1,0,0,0,0,0,0,0,25
27.132127,27132127,7,1,0,3,1,1.7923916895,62,4,0,0,0,34
46.8,46800000,8,4,0,8,0,1.982271233,96,5,1,0,0,25
0,0,0,2,1,11,0,0,0,1,0,1,0,46
5.675,5675000,7,1,1,15,2,0.4771212547,3,3,0,0,0,25
0,0,0,1,0,3,1,0.3010299957,2,0,0,0,0,25
0,0,0,1,0,1,1,0.3010299957,2,0,0,0,0,25
1.1,1100000,6,2,0,3,2,1.1139433523,13,2,0,0,0,25
20.3,20300000,7,7,1,15,5,1.6434526765,44,7,0,0,0,25
3.2,3200000,7,1,0,3,0,0,0,0,0,0,0,25
10,10000000,7,1,0,1,3,1.4623979979,29,0,0,0,0,25
8.3924,8392400,7,4,1,44,1,1.7923916895,62,8,0,0,0,44
0,0,0,1,1,6,1,0.4771212547,3,3,0,0,0,25
19.65,19650000,7,2,1,7,1,0,1,1,0,0,0,25
2.925,2925000,6,5,0,5,3,1.0413926852,11,0,0,1,0,36
8,8000000,7,2,0,9,0,0.3010299957,2,0,0,0,1,25
69.426794,69426794,8,1,0,2,4,1.361727836,23,0,1,0,0,25
69.426794,69426794,8,1,0,2,4,1.361727836,23,0,1,0,0,25
0,0,0,2,1,4,1,1.4913616938,31,1,0,0,0,45
0,0,0,1,0,1,1,1.4913616938,31,0,1,0,0,25
101.06,101060000,8,2,1,5,1,0.3010299957,2,1,1,0,1,52
40.3,40300000,8,2,0,4,0,0.4771212547,3,0,0,0,0,25
40.3,40300000,8,1,0,4,0,0.4771212547,3,0,0,1,0,25
40.3,40300000,8,1,1,4,0,0.4771212547,3,0,0,0,0,25
7.1,7100000,7,1,0,1,2,0.9542425094,9,0,0,0,0,25
2.5,2500000,6,3,0,3,2,0.9542425094,9,0,0,1,0,25
7,7000000,7,1,0,2,0,0.4771212547,3,0,0,0,0,25
1,1000000,6,2,0,5,2,0.9542425094,9,1,1,1,0,25
0.45,450000,6,1,0,1,2,0.4771212547,3,0,0,0,0,25
0.45,450000,6,2,0,4,2,0.4771212547,3,0,0,0,0,25
13.3235,13323500,7,1,1,6,0,0.3010299957,2,27,1,1,0,25
12.74,12740000,7,4,1,14,1,1.0413926852,11,15,0,1,0,25
0,0,0,2,1,21,0,0,0,3,1,1,1,25
0,0,0,3,1,6,0,0,0,1,0,0,0,25
0.085,85000,5,1,1,5,0,0,0,1,1,0,0,39
0,0,0,1,0,3,0,0,1,1,1,0,0,25
50,50000000,8,4,0,8,0,1.3222192947,21,0,0,0,0,25
12.8,12800000,7,1,0,1,1,1.2552725051,18,0,0,0,0,25
12.8,12800000,7,1,0,1,1,1.2552725051,18,0,0,0,0,25
12.8,12800000,7,1,0,2,1,1.2552725051,18,0,0,0,0,25
0,0,0,1,0,1,1,1.0413926852,11,0,0,0,0,25
0,0,0,1,0,10,1,1.0413926852,11,0,0,0,0,25
0,0,0,1,1,6,1,1.0413926852,11,1,0,0,0,25
18.8,18800000,7,3,1,5,2,0.6989700043,5,0,0,0,0,25
18.8,18800000,7,2,0,2,2,0.6989700043,5,0,0,0,0,25
9.4,9400000,7,1,0,1,2,0,0,0,0,0,0,25
28.7,28700000,7,3,1,9,0,1.3222192947,21,2,0,1,0,35
33,33000000,8,1,0,1,1,1.3979400087,25,0,1,0,0,25
33,33000000,8,1,0,1,1,1.3979400087,25,1,1,0,0,25
33,33000000,8,1,0,2,1,1.3979400087,25,0,0,0,0,25
34,34000000,8,2,1,6,8,1.8129133566,65,10,0,1,0,35
22,22000000,7,7,1,21,6,1.8388490907,69,29,0,0,0,25
0,0,0,1,0,3,0,0,0,0,0,0,0,25
2,2000000,6,1,0,1,2,1.0413926852,11,0,0,0,0,25
2.15,2150000,6,2,0,2,2,1.0413926852,11,1,0,0,0,25
2,2000000,6,1,0,1,2,1.0413926852,11,0,0,0,0,25
34.6,34600000,8,1,1,2,0,1.079181246,12,1,0,0,0,25
34.6,34600000,8,1,0,1,0,1.079181246,12,0,0,0,0,25
30,30000000,7,1,0,2,1,1.5563025008,36,1,0,0,0,25
3.215965,3215965,7,1,0,2,0,0,0,0,0,0,0,42
17.4,17400000,7,2,0,4,0,1.0413926852,11,0,0,1,0,25
30,30000000,7,1,0,3,1,1.5563025008,36,0,1,0,0,25
30,30000000,7,1,0,1,1,1.5563025008,36,0,1,0,0,25
0,0,0,3,0,9,0,0,0,0,0,1,0,25
0,0,0,3,0,6,2,0.6989700043,5,0,0,0,0,25
482.999995,482999995,9,1,0,2,3,1.079181246,12,5,1,0,0,25
0,0,0,1,0,2,0,0,0,0,1,0,0,25
41,41000000,8,2,0,2,1,0,1,0,0,0,0,25
0,0,0,3,0,7,0,0,0,0,0,0,0,25
0,0,0,1,1,2,2,0.3010299957,2,0,0,0,0,25
21,21000000,7,3,1,6,1,1.3010299957,20,0,0,0,0,25
21,21000000,7,2,0,2,1,1.079181246,12,0,0,0,0,25
32.5,32500000,8,5,1,21,2,1.1461280357,14,2,0,0,0,42
32.5,32500000,8,1,0,1,2,1.1461280357,14,0,0,0,0,25
32,32000000,8,1,0,1,1,0.903089987,8,0,0,0,0,25
4.3,4300000,7,2,1,11,0,0,1,2,0,0,0,25
0.75,750000,6,5,1,20,0,1.8750612634,75,10,0,1,0,25
16.5,16500000,7,1,1,4,3,1.806179974,64,0,0,0,0,25
13.335758,13335758,7,4,1,10,1,0.4771212547,3,2,0,0,0,25
0,0,0,2,0,4,0,0.3010299957,2,1,0,0,0,25
62.7,62700000,8,2,1,4,3,1.1760912591,15,2,0,0,0,25
0,0,0,2,0,4,1,1.079181246,12,0,0,0,0,25
190.62798,190627980,8,4,1,11,12,2.0128372247,103,16,1,1,0,25
96.62798,96627980,8,1,0,1,5,1.7558748557,57,2,0,1,0,25
3.5,3500000,7,1,1,4,2,1.278753601,19,1,0,0,0,25
19.25,19250000,7,1,0,1,3,0.3010299957,2,0,0,0,0,25
3.762066,3762066,7,1,0,2,1,0.6020599913,4,0,0,0,0,25
48.9,48900000,8,1,0,2,2,1.0413926852,11,0,0,0,0,50
48.9,48900000,8,1,0,4,2,1.0413926852,11,0,0,0,0,25
0,0,0,1,0,2,0,0.3010299957,2,1,0,0,0,25
6.45764,6457640,7,1,0,4,0,0,1,0,0,0,0,25
44,44000000,8,3,0,4,3,0.903089987,8,0,1,0,1,25
44,44000000,8,1,0,2,3,0.903089987,8,0,1,0,1,25
5.7,5700000,7,1,0,3,0,0.3010299957,2,0,1,0,0,25
90,90000000,8,1,1,3,0,1.414973348,26,17,0,0,0,25
8.6,8600000,7,2,0,7,4,1.6127838567,41,29,0,1,0,25
6,6000000,7,2,1,9,3,0.3010299957,2,6,1,0,0,46
4,4000000,7,2,0,6,1,0.7781512504,6,0,0,1,0,25
46.3,46300000,8,2,0,2,1,1.414973348,26,0,0,0,0,25
202.699999,202699999,8,3,1,8,1,1,10,0,0,1,0,25
0,0,0,3,1,38,0,2.0718820073,118,78,1,0,0,48
0,0,0,1,1,7,0,0,0,1,0,1,0,25
0.25,250000,5,1,0,1,1,0,1,0,0,0,0,25
1.6,1600000,6,1,0,2,1,0.6989700043,5,0,0,0,0,25
2.5,2500000,6,1,0,1,1,0.4771212547,3,0,0,0,0,25
2.5,2500000,6,2,0,2,1,0.4771212547,3,0,0,0,0,25
7.1,7100000,7,1,0,3,1,0.6020599913,4,0,0,0,0,25
56,56000000,8,2,0,4,0,2.2380461031,173,2,1,0,0,25
15,15000000,7,1,0,1,4,0.3010299957,2,0,0,0,0,25
15,15000000,7,1,0,2,4,0.3010299957,2,0,0,0,0,25
10,10000000,7,1,0,4,1,0,0,0,0,0,1,25
10,10000000,7,1,0,3,1,0,0,0,1,0,0,25
0,0,0,1,0,6,0,0,0,0,0,0,0,25
0,0,0,1,0,10,0,0,0,0,0,0,0,25
0,0,0,2,0,9,0,0,0,0,0,0,0,25
10.5,10500000,7,2,1,19,0,0,1,1,0,0,0,25
0,0,0,1,1,18,0,0,0,7,0,1,0,25
0,0,0,3,0,7,0,0,0,1,0,0,0,25
12,12000000,7,1,0,1,1,0,0,0,0,0,0,25
12,12000000,7,1,0,1,1,0,0,0,0,0,0,25
0,0,0,3,0,6,0,0.6989700043,5,0,1,0,0,41
14.5,14500000,7,1,1,19,2,1.2041199827,16,3,1,0,1,25
14.5,14500000,7,3,0,5,2,1.2041199827,16,1,0,0,0,25
14.5,14500000,7,2,0,5,2,1.2041199827,16,1,1,0,1,25
59,59000000,8,1,0,4,0,0,1,11,1,0,0,25
0,0,0,1,1,7,0,0,0,1,1,0,0,25
3.74744,3747440,7,9,0,10,3,0,1,1,0,0,0,32
12,12000000,7,5,0,8,0,1.6812412374,48,4,0,0,0,25
9.99,9990000,7,1,1,16,0,0.3010299957,2,52,0,0,0,25
277.329,277329000,8,3,1,28,6,1.8920946027,78,18,0,0,0,25
20,20000000,7,2,0,5,1,2.206825876,161,1,1,0,1,25
5,5000000,7,1,0,3,1,2.2041199827,160,0,1,0,1,25
5,5000000,7,1,0,2,1,2.2041199827,160,4,1,0,0,25
32.519999,32519999,8,2,1,5,1,1.3010299957,20,0,1,0,1,25
116.119999,116119999,8,3,0,5,1,1.361727836,23,0,0,0,0,25
27.3,27300000,7,1,0,1,0,0.3010299957,2,0,0,0,0,25
27.3,27300000,7,1,0,1,0,0.3010299957,2,0,0,0,0,25
0,0,0,1,0,1,0,0.6020599913,4,0,0,0,0,41
0,0,0,1,0,1,0,0.6020599913,4,0,0,0,0,45
0,0,0,2,0,3,4,0.6989700043,5,0,1,1,0,25
0,0,0,1,0,2,1,0.4771212547,3,1,0,0,0,25
157.224427,157224427,8,6,1,9,4,2.1430148003,139,9,0,0,0,34
0,0,0,3,0,4,0,0,0,0,0,0,0,25
0,0,0,3,0,11,0,0,0,0,0,0,0,25
10.497161,10497161,7,2,0,3,2,0,0,0,0,0,0,25
3,3000000,6,1,0,2,1,0.3010299957,2,3,0,0,0,25
3,3000000,6,1,0,1,1,0.3010299957,2,0,0,0,0,25
0,0,0,1,0,1,3,0.6989700043,5,0,0,0,0,25
0,0,0,1,0,1,3,0.6989700043,5,0,0,0,0,25
71.7358,71735800,8,2,1,6,2,1.1461280357,14,12,0,1,0,25
9.08,9080000,7,1,0,3,0,0,0,0,0,0,0,25
9.08,9080000,7,1,0,4,0,0,0,0,0,0,0,41
0,0,0,2,1,7,0,0,0,0,0,0,0,25
53.2,53200000,8,3,1,4,2,1.84509804,70,0,0,0,0,25
0,0,0,2,1,4,0,0,0,5,0,0,0,25
0,0,0,2,1,7,0,0,1,0,0,0,0,25
0,0,0,1,1,11,0,0.3010299957,2,0,0,0,0,25
0,0,0,1,1,5,0,0,0,4,0,0,0,25
17.9,17900000,7,1,0,1,1,1.3222192947,21,0,0,0,0,25
17.9,17900000,7,1,0,1,1,1.3222192947,21,0,0,0,0,25
0.9,900000,6,1,0,3,1,0.4771212547,3,0,0,1,0,25
0.9,900000,6,1,0,1,1,0.4771212547,3,0,0,0,0,25
0.9,900000,6,1,0,3,1,0.4771212547,3,0,0,0,0,25
24.1,24100000,7,5,1,19,0,1.4313637642,27,81,1,1,0,25
16,16000000,7,1,1,4,7,1.9242792861,84,5,0,0,0,42
60,60000000,8,1,0,1,2,1.1461280357,14,0,0,0,0,25
60,60000000,8,1,0,1,2,1.1461280357,14,0,0,0,0,25
63.75,63750000,8,2,0,2,2,1.2041199827,16,0,0,0,0,25
36.32,36320000,8,2,1,4,3,1.6127838567,41,6,0,0,0,25
13.891146,13891146,7,3,1,5,0,0,0,2,0,0,0,25
1.9,1900000,6,1,0,4,1,0.4771212547,3,1,0,1,0,25
56.351387,56351387,8,1,0,8,5,1.7242758696,53,0,0,1,0,46
54.15,54150000,8,5,1,10,1,1.8129133566,65,4,1,0,0,25
22.1,22100000,7,1,0,1,1,1.0413926852,11,1,0,0,0,25
208.5,208500000,8,3,1,4,3,2.8937617621,783,13,1,0,0,25
0,0,0,3,1,11,1,0.6989700043,5,2,0,0,0,25
0,0,0,1,0,1,1,0.4771212547,3,0,0,0,0,25
0,0,0,4,0,6,0,0,0,0,0,1,0,25
0,0,0,1,0,1,1,0.6989700043,5,0,0,0,0,25
111.9499,111949900,8,2,1,4,0,1.4471580313,28,1,0,0,0,25
111.9499,111949900,8,1,0,3,0,1.4471580313,28,1,0,0,0,25
3,3000000,6,1,0,3,0,0,0,0,0,0,0,25
17.807,17807000,7,2,0,6,0,0.4771212547,3,0,0,1,0,25
2.55,2550000,6,1,0,3,2,0.6989700043,5,0,0,1,0,25
66.81624,66816240,8,2,0,4,2,0.84509804,7,0,1,0,1,25
66.81624,66816240,8,2,0,6,2,0.84509804,7,0,1,0,1,25
14,14000000,7,2,0,3,2,1.1139433523,13,1,0,0,0,25
21.55,21550000,7,1,0,4,2,0.9542425094,9,0,0,0,0,25
0,0,0,1,1,6,0,0,0,0,0,0,0,25
0,0,0,2,0,6,0,0,1,1,0,0,0,25
5.25,5250000,7,1,0,3,0,0,0,0,0,1,0,25
14,14000000,7,1,0,6,0,0,1,1,0,0,0,25
12,12000000,7,1,1,32,0,0.7781512504,6,0,1,0,1,25
0,0,0,1,1,15,0,1.748188027,56,1,0,0,0,25
0,0,0,1,1,20,0,1.8692317197,74,3,0,0,0,25
317.3,317300000,9,3,1,9,15,1.7993405495,63,34,0,0,0,30
3.5,3500000,7,2,1,10,1,1.8512583487,71,0,1,0,0,45
200.5375,200537500,8,5,1,39,4,1.9684829486,93,2,0,1,0,25
3.4,3400000,7,2,0,5,1,0.6020599913,4,0,0,1,0,25
0,0,0,2,0,2,1,0.7781512504,6,0,1,0,0,25
60.5,60500000,8,1,1,6,3,0.6020599913,4,1,0,0,0,25
60.5,60500000,8,1,0,3,3,0.6020599913,4,0,1,0,0,25
0,0,0,1,1,8,0,0,0,3,0,0,0,25
30.6,30600000,7,6,1,9,1,1.6127838567,41,2,1,0,0,45
24,24000000,7,1,1,7,0,1.8633228601,73,0,1,0,1,25
26.28045,26280450,7,3,1,8,0,1.8633228601,73,0,1,0,1,25
24,24000000,7,1,1,8,0,1.8633228601,73,0,0,0,1,25
65,65000000,8,1,0,1,0,1.2041199827,16,0,0,0,0,25
65,65000000,8,1,0,3,0,1.2041199827,16,0,0,0,0,25
65,65000000,8,1,0,1,0,1.2041199827,16,0,0,0,0,25
0,0,0,2,1,18,0,0.7781512504,6,4,0,0,0,25
0,0,0,1,0,1,0,1.1139433523,13,0,0,0,0,25
0,0,0,1,0,1,0,1.1139433523,13,0,0,0,0,25
0,0,0,1,0,2,0,0,1,0,0,0,0,25
0,0,0,1,0,2,0,0,1,0,0,0,0,25
51.1,51100000,8,2,0,4,4,0.9542425094,9,2,0,0,1,25
58.5,58500000,8,4,0,5,1,1.3222192947,21,0,0,0,0,25
58.5,58500000,8,1,1,2,1,1.3222192947,21,1,0,0,0,25
8.5,8500000,7,2,0,3,1,1,10,0,0,0,0,25
4.55,4550000,7,1,0,4,0,0,0,0,1,0,0,25
0,0,0,3,0,4,1,0,1,0,0,0,0,25
0,0,0,1,0,1,1,0,1,0,0,0,0,25
0,0,0,2,1,7,0,0,0,8,0,0,0,25
3.5,3500000,7,1,0,1,2,0.6989700043,5,0,0,0,0,25
22,22000000,7,3,1,17,2,1.2552725051,18,0,0,0,0,25
0,0,0,1,0,2,0,0.903089987,8,0,0,0,0,25
17.12976,17129760,7,5,0,9,0,0.84509804,7,0,0,0,0,25
2.5,2500000,6,2,1,1,1,0.7781512504,6,0,1,0,0,25
71.189,71189000,8,4,0,6,1,1.079181246,12,1,0,0,0,25
5.798482,5798482,7,1,0,7,1,1.3010299957,20,1,0,1,0,25
5.798482,5798482,7,1,0,4,1,1.3010299957,20,0,1,0,0,25
25.484268,25484268,7,2,1,3,1,0,1,0,0,0,0,25
1,1000000,6,1,0,5,0,0,1,0,1,1,0,46
1,1000000,6,1,0,2,0,0,1,0,0,0,0,25
0,0,0,1,0,2,0,0,0,0,0,0,0,25
48.5,48500000,8,1,0,1,2,0.7781512504,6,0,0,0,0,25
48.5,48500000,8,1,0,1,2,0.7781512504,6,0,0,0,0,25
6.4,6400000,7,1,0,2,0,0,0,0,0,0,0,25
64,64000000,8,5,0,5,6,1.079181246,12,0,1,0,0,25
32,32000000,8,1,0,6,3,0.7781512504,6,0,1,0,0,25
0,0,0,1,1,5,0,0,0,0,0,1,0,25
0.018,18000,4,1,1,4,0,0,0,0,0,0,0,25
0,0,0,1,0,1,1,0.4771212547,3,0,0,0,0,25
0,0,0,1,0,1,1,0.4771212547,3,0,0,0,0,25
0.748678,748678,6,1,0,3,0,0,0,0,0,0,0,25
29.912504,29912504,7,3,0,4,2,1.3802112417,24,2,0,0,0,44
0,0,0,5,1,20,0,1.7708520116,59,5,0,0,0,25
0,0,0,1,1,8,0,0,0,0,0,0,0,50
73.288,73288000,8,5,1,14,12,2.1335389084,136,2,1,0,0,25
1.4,1400000,6,1,0,3,0,0,1,1,0,0,0,25
0,0,0,2,1,8,0,0.3010299957,2,2,1,0,1,25
48,48000000,8,3,0,4,4,0.9542425094,9,5,1,1,1,25
21.936432,21936432,7,2,1,5,1,0.9542425094,9,5,0,0,0,25
58.685837,58685837,8,2,1,5,2,0.3010299957,2,0,0,0,1,25
8.755,8755000,7,1,0,2,0,0,0,0,0,0,0,25
130.868275,130868275,8,1,0,3,0,0,0,0,0,0,0,25
130.868275,130868275,8,1,0,3,0,0,0,0,0,1,0,25
130.868275,130868275,8,1,0,2,0,0,0,0,0,0,0,25
0,0,0,2,0,4,0,0,0,0,0,0,0,25
15.5,15500000,7,2,0,6,2,1.1760912591,15,6,0,0,0,25
0,0,0,2,1,13,0,0,0,1,0,1,0,47
134,134000000,8,2,1,3,0,0.9542425094,9,2,0,0,0,25
0,0,0,1,0,4,0,0,0,0,0,0,0,25
44.5,44500000,8,2,0,7,0,0.6020599913,4,3,0,0,0,25
0,0,0,2,0,7,4,0.3010299957,2,0,1,0,0,43
8,8000000,7,2,0,2,3,0.6989700043,5,0,0,0,0,59
10.5,10500000,7,1,0,3,1,1.591064607,39,0,1,0,0,25
10.5,10500000,7,1,0,1,1,1.591064607,39,0,0,0,0,25
1,1000000,6,1,1,8,1,1.1461280357,14,0,1,0,0,25
1,1000000,6,1,0,1,1,1.1461280357,14,0,0,0,0,25
79.513726,79513726,8,3,0,4,4,1.7993405495,63,0,0,0,0,25
9.3,9300000,7,2,0,5,1,0.7781512504,6,1,1,0,0,25
9.3,9300000,7,2,0,2,1,0.7781512504,6,0,0,0,0,25
1000,1000000000,9,2,1,12,7,2.6190933306,416,19,0,0,0,25
14,14000000,7,2,0,5,2,1.0413926852,11,0,0,1,0,25
14,14000000,7,2,0,4,2,1.0413926852,11,0,0,0,0,25
14,14000000,7,2,0,4,2,1.0413926852,11,0,1,1,0,39
0,0,0,1,0,2,0,0.6020599913,4,0,0,0,0,25
0,0,0,1,1,52,0,0,0,17,0,0,0,46
22.4,22400000,7,1,0,6,1,1,10,0,1,0,0,25
22.4,22400000,7,1,0,2,1,1,10,0,0,0,0,25
1.24999,1249990,6,2,0,2,1,0,1,0,0,0,0,25
1.6,1600000,6,2,0,3,0,0,0,0,0,0,0,25
0,0,0,1,1,2,0,0,0,0,0,0,0,25
33.632,33632000,8,1,0,1,1,0.3010299957,2,0,0,0,0,25
4.6951,4695100,7,1,0,3,0,1,10,1,0,0,0,38
6.6951,6695100,7,3,0,4,0,1,10,0,0,0,0,45
25.2,25200000,7,2,0,4,2,0.9542425094,9,0,0,1,0,25
0,0,0,2,0,10,1,0.6020599913,4,0,0,1,1,25
8,8000000,7,2,1,7,52,2.9242792861,840,14,0,0,1,50
0,0,0,4,0,6,4,1.079181246,12,0,1,1,1,25
0,0,0,1,0,1,1,0.84509804,7,0,0,0,0,25
1.7,1700000,6,2,0,2,1,1.0413926852,11,0,0,0,0,25
0,0,0,1,0,2,1,0,1,0,0,0,0,25
7,7000000,7,1,1,3,0,0,1,0,0,0,0,25
8.95,8950000,7,1,0,1,1,0,1,0,0,0,0,25
8.95,8950000,7,1,0,1,1,0,1,0,0,0,0,25
1,1000000,6,1,0,2,0,0.3010299957,2,0,0,1,0,25
6,6000000,7,4,1,12,0,1.278753601,19,9,0,1,0,25
1.25,1250000,6,1,0,3,1,0.4771212547,3,0,0,0,0,25
1.25,1250000,6,1,0,1,1,0.4771212547,3,0,0,0,0,25
0,0,0,1,0,5,1,0.6020599913,4,0,1,1,0,25
1.5,1500000,6,1,0,1,1,0,1,0,0,0,0,25
1.5,1500000,6,1,0,1,1,0,1,0,0,0,0,25
45,45000000,8,4,0,5,2,1.3979400087,25,1,0,0,0,32
3.450673,3450673,7,1,1,11,0,0.6020599913,4,0,0,0,0,25
0,0,0,1,0,1,1,0.84509804,7,0,0,0,0,25
0,0,0,2,1,20,0,1.079181246,12,5,1,1,0,25
5.190128,5190128,7,1,0,1,2,0.7781512504,6,0,1,0,0,25
1,1000000,6,1,0,2,0,0.3010299957,2,0,0,0,0,25
5,5000000,7,2,0,4,3,0,1,0,0,0,0,25
2.5,2500000,6,3,1,5,1,0.84509804,7,0,1,1,0,25
2.5,2500000,6,2,1,20,1,0.84509804,7,0,1,0,0,42
0,0,0,1,1,11,0,0.84509804,7,19,1,1,1,25
0,0,0,2,0,2,1,1.079181246,12,4,0,0,0,45
24.5,24500000,7,1,0,3,0,0.3010299957,2,0,0,0,0,25
41,41000000,8,3,1,9,1,1.2552725051,18,3,0,1,0,25
9.021221,9021221,7,1,0,1,1,0.4771212547,3,0,0,0,0,25
9.021221,9021221,7,1,0,3,1,0.4771212547,3,0,0,0,0,25
39.105997,39105997,8,2,1,6,0,1.9395192526,87,31,0,0,0,25
39.105997,39105997,8,1,0,1,0,1.9395192526,87,0,0,0,0,25
255.1,255100000,8,1,0,1,2,1.5440680444,35,0,0,0,1,25
255.1,255100000,8,1,0,1,2,1.5440680444,35,1,0,0,0,25
1.4,1400000,6,1,1,11,0,0,1,1,0,1,0,25
38.2,38200000,8,1,0,1,1,1.0413926852,11,1,0,0,0,25
38.2,38200000,8,1,0,1,1,1.0413926852,11,12,0,1,0,25
320.000002,320000002,9,6,1,19,0,2.3710678623,235,33,1,0,0,43
5.1,5100000,7,1,0,1,1,0,1,0,0,0,0,25
35,35000000,8,1,0,1,1,0.9542425094,9,0,0,0,0,25
10,10000000,7,1,0,1,1,0.903089987,8,0,0,0,0,25
11.583166,11583166,7,4,0,7,5,1.1461280357,14,0,0,0,0,41
1.3,1300000,6,1,1,4,0,0.3010299957,2,0,0,0,0,25
0,0,0,3,1,15,0,0,0,0,0,0,0,25
10.4,10400000,7,2,1,8,3,0.6989700043,5,0,0,0,0,25
0,0,0,1,1,19,0,0,0,0,1,1,0,25
0,0,0,1,1,33,0,0,0,7,0,0,0,25
0,0,0,1,0,2,9,0.7781512504,6,0,0,0,0,25
13,13000000,7,3,0,4,10,0.7781512504,6,0,0,0,0,25
0,0,0,1,1,5,9,0.7781512504,6,0,0,0,0,25
15.26,15260000,7,1,0,4,2,0.4771212547,3,0,1,0,1,25
15.26,15260000,7,1,1,6,2,0.4771212547,3,0,1,1,1,25
0.92,920000,6,3,0,4,1,1.1139433523,13,0,0,0,0,42
0.92,920000,6,1,0,4,1,0.9542425094,9,0,1,0,0,46
0.92,920000,6,2,0,7,1,1.079181246,12,0,1,0,0,37
0,0,0,13,0,15,0,0,0,0,0,0,0,25
2.4,2400000,6,1,0,1,1,0,1,0,0,0,0,25
40,40000000,8,1,1,3,2,1.5185139399,33,0,1,0,0,33
5,5000000,7,1,1,9,1,2.2041199827,160,73,1,0,1,25
0.8,800000,6,1,0,4,0,0.4771212547,3,0,0,0,0,25
120,120000000,8,1,0,2,0,1.3424226808,22,2,0,0,0,25
0.4,400000,6,1,1,6,1,0.6020599913,4,14,0,0,0,29
4.1,4100000,7,3,0,4,1,0.903089987,8,0,0,1,0,25
5,5000000,7,1,0,3,3,0.9542425094,9,0,0,0,0,25
2.82,2820000,6,4,0,5,1,0.7781512504,6,0,0,0,0,25
2.82,2820000,6,4,0,4,1,0.7781512504,6,0,0,0,0,25
53.278569,53278569,8,3,1,20,0,1.591064607,39,8,0,0,0,25
0,0,0,1,1,5,0,0,0,0,0,0,0,25
0,0,0,1,1,8,0,0,0,0,0,0,0,25
0,0,0,1,0,1,1,0.6989700043,5,0,0,0,0,25
0,0,0,3,0,4,1,0.84509804,7,0,0,1,0,25
0,0,0,1,1,3,6,1.3222192947,21,0,0,1,0,25
0,0,0,2,0,7,0,0,0,0,0,1,0,25
29.926738,29926738,7,1,0,1,2,0.84509804,7,0,0,0,0,25
0.35,350000,6,1,0,5,1,0.3010299957,2,0,0,0,1,25
0,0,0,1,1,54,0,0.903089987,8,18,0,0,0,48
8.699999,8699999,7,2,0,5,1,0.903089987,8,0,0,0,0,25
63,63000000,8,1,0,4,0,0.3010299957,2,0,0,0,0,25
0,0,0,1,0,1,0,1.2552725051,18,1,0,0,0,25
0,0,0,1,0,4,0,0,0,0,1,0,0,25
1.3,1300000,6,1,0,1,2,0.3010299957,2,0,0,0,0,25
1.3,1300000,6,1,0,1,2,0.3010299957,2,0,0,0,0,25
2.344638,2344638,6,2,0,3,8,0.903089987,8,0,1,1,0,31
73,73000000,8,2,1,13,2,1.1760912591,15,3,1,0,1,25
0,0,0,1,0,3,2,0.903089987,8,1,1,0,0,25
0,0,0,1,0,1,2,0.903089987,8,0,0,0,0,25
56.081364,56081364,8,2,0,2,1,0.6020599913,4,0,0,1,0,25
18.5,18500000,7,1,1,1,0,0.3010299957,2,2,1,0,0,25
18.5,18500000,7,1,0,4,0,0.3010299957,2,0,1,0,0,25
0,0,0,1,1,18,0,0,0,5,0,0,0,25
2.3,2300000,6,2,0,2,18,2.3820170426,241,0,0,0,0,25
2.3,2300000,6,1,0,1,18,2.3710678623,235,0,0,0,0,25
11.6,11600000,7,1,0,1,0,0,0,0,0,0,0,25
11.6,11600000,7,1,0,1,0,0,0,0,0,0,0,25
11.6,11600000,7,1,0,1,0,0,0,0,0,0,0,25
16.6,16600000,7,2,0,2,0,0,1,0,0,0,0,25
0.556799,556799,6,1,0,1,1,0.903089987,8,0,1,0,0,25
0.556799,556799,6,1,0,1,1,0.903089987,8,0,0,0,0,25
0.556799,556799,6,1,0,1,1,0.903089987,8,0,0,0,0,25
0.556799,556799,6,1,0,1,1,0.903089987,8,0,0,0,0,25
0,0,0,2,0,4,3,1.361727836,23,2,0,0,0,50
0,0,0,1,0,2,3,1.2041199827,16,5,0,0,0,25
0,0,0,1,0,3,0,0,1,0,0,0,0,25
0,0,0,1,0,1,0,0,1,0,0,0,0,25
5,5000000,7,2,0,4,2,0.6989700043,5,0,1,0,0,25
5,5000000,7,1,0,1,2,0.6989700043,5,0,0,0,0,25
0,0,0,1,0,1,0,0,1,0,0,0,0,38
0,0,0,3,1,14,0,0,1,0,0,0,0,25
0,0,0,1,0,1,0,0,1,0,0,0,0,25
0,0,0,1,0,1,0,0,1,0,0,0,0,25
0,0,0,2,0,8,1,0,1,0,1,0,0,25
0,0,0,2,0,2,1,0,1,0,0,0,0,25
3.7,3700000,7,4,0,4,1,0.6989700043,5,1,1,1,0,25
1.1,1100000,6,2,1,7,1,0.3010299957,2,0,0,1,0,25
0,0,0,2,1,5,0,0.3010299957,2,1,0,0,1,25
0,0,0,1,1,12,0,0,0,1,0,0,0,25
4,4000000,7,1,0,1,3,1.6020599913,40,0,0,0,0,25
5.75,5750000,7,3,1,32,0,0.3010299957,2,19,0,1,0,25
3.045,3045000,6,1,0,4,0,0.3010299957,2,0,0,0,0,25
3.045,3045000,6,2,1,4,0,0.6989700043,5,0,0,0,0,25
0,0,0,1,0,3,0,0,0,0,0,0,0,25
0,0,0,1,1,13,2,1.278753601,19,0,0,0,0,25
0,0,0,2,1,8,0,0,0,2,1,0,0,25
0,0,0,1,1,3,0,0.84509804,7,1,1,1,0,25
7.425,7425000,7,4,0,17,1,1.3802112417,24,0,1,0,0,25
7,7000000,7,1,0,9,1,1.3010299957,20,0,1,0,1,25
7,7000000,7,1,0,2,1,1.3010299957,20,0,0,0,0,25
0,0,0,1,0,10,0,0,0,0,0,1,0,46
75,75000000,8,1,1,4,0,0,0,1,0,0,0,25
8.95,8950000,7,4,0,6,1,1.3424226808,22,0,0,0,0,30
6.7,6700000,7,1,0,5,1,1.2304489214,17,0,0,0,0,25
117.45398,117453980,8,2,0,3,1,0.6020599913,4,0,1,0,1,25
117.45398,117453980,8,1,1,8,1,0.6020599913,4,0,0,0,0,25
0.26,260000,5,2,0,4,2,0.6989700043,5,1,1,0,0,25
29.06,29060000,7,5,1,9,3,1.2304489214,17,1,0,0,0,25
19.56,19560000,7,6,0,7,3,1.2304489214,17,0,1,0,0,25
9.95,9950000,7,2,0,6,2,1,10,6,0,0,0,25
0,0,0,1,0,2,0,0,0,0,0,0,0,31
0,0,0,1,1,9,0,1.278753601,19,0,0,0,0,25
14.161383,14161383,7,5,1,11,3,1.0413926852,11,0,0,0,0,25
0,0,0,1,0,9,1,0,1,0,0,0,0,25
0,0,0,1,0,1,1,0,1,0,0,1,0,25
0,0,0,2,0,9,0,0,0,0,1,0,0,25
17.2,17200000,7,2,1,3,2,0.9542425094,9,0,0,0,0,25
17.2,17200000,7,1,0,1,2,0.9542425094,9,0,0,0,0,25
0.001,1000,3,1,0,5,0,0,0,0,0,0,0,25
12,12000000,7,1,0,4,1,0.6020599913,4,1,1,0,0,25
149.3,149300000,8,1,0,1,0,1.3979400087,25,3,0,0,0,25
154.5,154500000,8,5,0,5,0,1.5185139399,33,0,1,1,1,25
1.4453,1445300,6,1,1,3,2,0.4771212547,3,0,0,0,0,27
6.4,6400000,7,2,0,4,2,0.9542425094,9,0,0,0,0,25
5.4,5400000,7,1,0,4,2,0.9542425094,9,0,1,0,1,25
3.25,3250000,7,1,0,3,0,0.6989700043,5,0,0,1,0,25
0,0,0,3,0,5,0,0,0,0,0,0,0,25
302,302000000,8,3,0,6,1,1.0413926852,11,0,0,0,0,25
23.519998,23519998,7,1,0,6,1,0.6989700043,5,0,0,1,0,25
23.519998,23519998,7,1,0,4,1,0.6989700043,5,0,0,0,0,25
23.519998,23519998,7,1,0,2,1,0.6989700043,5,0,0,0,0,25
251.000002,251000002,8,4,1,9,9,1.2552725051,18,1,1,0,0,25
48.65,48650000,8,6,1,14,3,1.361727836,23,7,0,0,0,25
0,0,0,1,0,2,0,0,0,0,0,0,0,25
0,0,0,1,1,9,0,1.414973348,26,19,1,0,1,25
0,0,0,1,0,1,2,0,0,2,0,0,0,25
0.1,100000,5,1,0,9,0,0,0,1,0,0,0,25
0,0,0,2,0,3,1,0.6020599913,4,0,0,0,0,25
0.1,100000,5,1,0,2,0,0,0,0,0,0,0,25
0,0,0,1,0,6,0,0,0,0,1,0,0,25
0,0,0,1,0,3,0,0,1,1,1,0,0,25
58.8,58800000,8,2,1,18,1,0,0,0,0,1,0,25
1.1,1100000,6,2,0,2,1,0.7781512504,6,0,1,0,1,25
6.5,6500000,7,4,1,5,5,0.9542425094,9,3,1,0,0,25
2,2000000,6,1,0,1,5,0,1,0,0,0,0,25
2,2000000,6,1,1,3,5,0,1,0,0,0,0,25
2,2000000,6,1,0,1,5,0,1,0,0,0,0,25
105.5,105500000,8,1,0,1,1,1.2552725051,18,0,0,0,0,25
105.5,105500000,8,1,0,1,1,1.2552725051,18,0,0,0,0,25
17.518226,17518226,7,2,0,3,1,0,0,0,0,1,0,25
3.130473,3130473,6,1,0,2,2,0,1,0,0,0,0,25
0,0,0,2,0,2,1,0,0,0,0,0,0,25
0,0,0,1,0,1,1,0,0,0,0,0,0,25
25,25000000,7,1,0,5,3,0.7781512504,6,0,1,0,0,25
41.56,41560000,8,2,1,3,3,0.7781512504,6,0,0,1,0,25
3,3000000,6,1,0,1,1,1.0413926852,11,1,0,0,0,25
5.7,5700000,7,3,0,6,2,1.0413926852,11,0,1,0,0,25
0,0,0,3,1,20,0,0,1,53,0,0,0,64
11,11000000,7,3,0,8,1,1.3424226808,22,0,0,0,0,25
0.1,100000,5,1,0,1,1,0,1,0,0,0,0,25
3.83786,3837860,7,1,0,1,4,0,1,1,0,0,0,39
3.83786,3837860,7,1,0,1,4,0,1,0,0,0,0,25
6,6000000,7,1,0,3,1,0,0,0,0,0,0,25
0,0,0,1,1,11,0,0,0,13,0,0,0,25
2,2000000,6,3,0,5,1,0.3010299957,2,0,1,0,0,25
2,2000000,6,4,0,10,1,0.3010299957,2,0,0,1,0,39
0,0,0,4,0,4,0,0,0,0,0,0,0,28
0,0,0,1,0,4,1,0.84509804,7,0,1,0,0,34
0,0,0,2,0,7,0,0,1,0,0,0,0,25
1.2,1200000,6,1,0,2,0,0,0,0,0,0,0,25
31.2,31200000,7,3,1,13,3,1.1461280357,14,2,1,0,0,25
6.5,6500000,7,5,1,10,11,2.3521825181,225,9,0,1,0,44
0,0,0,1,0,4,0,0,0,15,0,1,0,25
6.2,6200000,7,2,1,14,1,1.4313637642,27,11,0,0,0,25
0,0,0,1,0,8,2,0.3010299957,2,0,0,0,0,47
0,0,0,1,1,10,0,0,0,0,1,0,0,25
107.225,107225000,8,2,0,2,2,0.6989700043,5,0,0,0,0,25
14.399999,14399999,7,1,0,7,2,0.4771212547,3,7,1,0,0,25
0.675,675000,6,1,0,5,0,0,0,0,1,0,0,25
5.1,5100000,7,2,1,5,3,1.1760912591,15,13,1,1,0,25
1,1000000,6,3,0,8,0,0,1,1,1,0,0,25
12.6,12600000,7,1,1,7,0,0.6989700043,5,9,1,0,0,25
1.4761,1476100,6,4,0,4,1,0,1,0,0,0,0,25
1.4761,1476100,6,1,0,3,1,0,1,0,0,0,0,25
0,0,0,1,0,1,5,1,10,0,0,0,0,25
4,4000000,7,1,0,2,1,1.1139433523,13,0,0,1,0,25
100,100000000,8,1,0,1,1,0.7781512504,6,0,0,0,0,25
23.500238,23500238,7,1,1,2,1,0.84509804,7,0,1,0,1,25
0,0,0,1,0,2,0,0,0,0,0,0,0,25
0.715,715000,6,1,0,1,2,0.84509804,7,0,0,0,0,25
0.715,715000,6,1,0,3,2,0.84509804,7,3,1,1,0,25
0.715,715000,6,1,0,1,2,0.84509804,7,0,0,0,0,25
17.838411,17838411,7,1,0,3,1,1.1461280357,14,0,1,0,0,25
0.75,750000,6,2,0,4,2,1.1139433523,13,0,1,0,1,25
0,0,0,1,1,11,0,0,0,0,1,0,0,25
0.75,750000,6,1,1,8,2,1.1139433523,13,1,1,0,0,25
33.8,33800000,8,6,1,19,3,0.903089987,8,12,0,1,0,47
15,15000000,7,4,1,5,4,1.8920946027,78,28,0,0,0,44
46,46000000,8,2,1,30,0,1.4623979979,29,7,0,1,0,39
26.8,26800000,7,3,1,11,0,0.4771212547,3,9,0,0,0,25
2.75,2750000,6,1,0,2,1,0.7781512504,6,0,1,0,0,25
2.75,2750000,6,1,0,1,1,0.7781512504,6,0,0,0,0,25
20,20000000,7,3,1,7,1,0.6989700043,5,1,0,0,0,25
20,20000000,7,2,1,5,1,0.6020599913,4,2,0,0,1,25
11,11000000,7,1,0,1,1,1.079181246,12,0,0,0,1,25
11,11000000,7,3,1,17,1,1.079181246,12,0,1,1,0,25
55.45,55450000,8,1,0,4,3,0.84509804,7,0,1,0,1,25
55.45,55450000,8,2,0,2,3,0.84509804,7,0,1,0,1,25
0,0,0,1,1,4,1,1.4913616938,31,3,0,0,0,25
0,0,0,2,0,2,1,0.903089987,8,0,0,0,0,25
0,0,0,2,0,2,1,0.903089987,8,0,0,0,0,25
0,0,0,2,0,5,0,0,0,0,0,0,0,25
1.3,1300000,6,3,0,7,1,0,0,0,0,0,0,25
37.6,37600000,8,3,1,17,5,1.4313637642,27,1,0,1,0,42
43.1,43100000,8,2,0,7,1,0.7781512504,6,0,0,0,0,25
43.1,43100000,8,1,0,4,1,0.7781512504,6,0,0,0,0,25
70,70000000,8,1,0,5,0,0,0,0,0,0,0,25
2.5,2500000,6,1,0,2,2,0.84509804,7,0,0,0,0,25
0.1,100000,5,2,0,6,0,0,0,0,0,0,0,25
162.356,162356000,8,2,0,2,2,1.414973348,26,0,0,0,0,25
162.356,162356000,8,2,0,2,2,1.414973348,26,0,0,1,0,35
0,0,0,1,0,1,1,0,1,0,0,0,0,25
0,0,0,1,0,3,0,0,0,0,0,0,0,25
3.6,3600000,7,1,0,3,0,0.6020599913,4,0,0,1,0,25
0,0,0,1,1,10,6,0.6989700043,5,0,0,0,0,25
96.5,96500000,8,1,0,1,11,0.4771212547,3,0,0,0,0,25
235.02407,235024070,8,1,0,2,1,1.6232492904,42,0,0,1,0,25
235.02407,235024070,8,2,1,4,1,1.6232492904,42,4,1,0,0,25
0,0,0,1,0,4,0,0,0,0,0,0,0,25
1,1000000,6,1,0,1,1,0.7781512504,6,0,0,0,0,25
1,1000000,6,1,0,1,1,0.7781512504,6,0,0,0,0,25
1,1000000,6,1,0,1,1,0.7781512504,6,0,0,0,0,25
17.5,17500000,7,1,0,3,1,0.84509804,7,0,1,0,1,25
17.5,17500000,7,1,0,2,1,0.84509804,7,0,1,0,0,25
17.5,17500000,7,1,0,3,1,0.84509804,7,0,0,0,0,25
17.5,17500000,7,1,0,6,1,0.84509804,7,0,0,0,0,25
0,0,0,1,1,5,1,0,0,0,0,1,0,25
0,0,0,1,1,4,1,0,0,0,0,1,0,25
0,0,0,1,1,4,0,0,0,9,0,0,0,25
0,0,0,1,0,1,2,0,0,0,0,0,0,25
23.25,23250000,7,1,1,1,0,0,1,0,0,0,0,25
23.25,23250000,7,1,0,1,0,0,1,0,0,0,0,25
253,253000000,8,1,1,4,1,0,1,0,1,0,1,25
0,0,0,1,1,7,0,0,0,1,1,1,0,25
97.256127,97256127,8,1,0,1,0,1.5440680444,35,0,0,0,0,25
97.256127,97256127,8,1,0,3,0,1.5440680444,35,0,0,0,0,25
97.256127,97256127,8,1,0,1,0,1.5440680444,35,0,1,0,0,25
28.7,28700000,7,4,1,6,2,2.3242824553,211,11,0,0,0,45
179.95,179950000,8,2,1,3,4,2.1760912591,150,6,0,0,0,25
0,0,0,2,1,5,1,1.8750612634,75,49,1,0,0,40
0,0,0,1,1,17,0,0.3010299957,2,2,1,1,0,25
502.86,502860000,9,1,0,1,1,0.6989700043,5,0,0,0,0,25
502.86,502860000,9,1,1,7,1,0.6989700043,5,0,0,0,0,25
502.86,502860000,9,1,0,3,1,0.6989700043,5,0,0,0,0,25
0,0,0,4,0,3,44,3.4740705032,2979,0,0,0,0,59
123.3,123300000,8,1,0,2,1,0,1,0,0,1,0,25
123.3,123300000,8,1,0,1,1,0,1,0,1,0,0,25
0,0,0,2,0,6,0,0,0,0,0,1,0,25
0,0,0,2,1,11,1,1.9242792861,84,10,1,0,0,25
210,210000000,8,1,1,5,14,1.4313637642,27,2,0,0,0,25
210,210000000,8,1,1,13,14,1.4313637642,27,2,0,0,0,25
0,0,0,1,0,1,2,0.84509804,7,1,0,0,0,25
31.5,31500000,7,8,1,20,8,1.361727836,23,2,1,0,0,25
0,0,0,2,0,3,1,0,0,0,1,0,0,25
0,0,0,2,0,6,2,0.3010299957,2,0,1,0,0,25
21.2,21200000,7,2,0,2,1,1.1461280357,14,1,0,0,0,25
78.108625,78108625,8,5,1,14,6,2.1105897103,129,9,0,0,0,25
0,0,0,1,1,5,0,0.4771212547,3,1,0,0,0,25
3.5,3500000,7,1,0,2,0,0,0,0,0,0,0,25
2.5,2500000,6,1,0,2,1,0.6020599913,4,0,0,0,0,25
118.5,118500000,8,2,0,3,6,0.903089987,8,13,0,0,0,25
118.5,118500000,8,2,0,2,6,1.1461280357,14,0,1,0,0,36
1,1000000,6,1,0,2,1,0,0,0,0,0,0,25
1.75,1750000,6,1,0,3,1,0,1,0,0,1,0,25
8.25,8250000,7,3,0,5,4,0,1,0,1,0,0,25
1.75,1750000,6,3,0,4,1,0,1,0,0,1,0,25
63.46,63460000,8,2,0,5,0,0,0,3,0,0,0,25
55.2376,55237600,8,2,1,6,2,1.3010299957,20,7,1,0,0,25
55.2376,55237600,8,3,1,10,2,1.3010299957,20,8,1,0,0,25
0,0,0,2,0,7,5,0,0,0,1,0,0,25
27.3,27300000,7,3,0,3,5,1.5185139399,33,0,0,0,0,25
27.3,27300000,7,1,0,1,4,1.5051499783,32,0,0,0,0,25
730.5,730500000,9,2,1,7,2,1.8976270913,79,1,1,0,0,25
0,0,0,1,0,4,0,0,0,0,1,0,1,25
927.5,927500000,9,4,1,7,5,2.42975228,269,11,0,1,0,43
0,0,0,1,1,7,0,0.9542425094,9,0,0,0,0,25
0,0,0,2,1,8,0,0,0,0,0,0,0,42
0,0,0,1,1,11,0,0,0,0,0,1,0,25
0,0,0,1,1,11,0,0,0,0,0,1,1,25
0,0,0,1,0,1,1,0,1,0,0,0,0,25
0,0,0,1,0,1,1,0,1,0,0,0,0,25
0,0,0,1,0,1,1,0,1,0,0,0,0,25
0,0,0,1,0,1,1,0,1,0,0,0,0,25
0,0,0,1,0,1,1,0,1,0,0,0,0,25
238.875297,238875297,8,9,0,12,5,1.3979400087,25,7,1,1,0,25
47.3,47300000,8,5,1,14,2,1.3222192947,21,2,1,0,0,25
47.3,47300000,8,1,0,1,2,1.3010299957,20,0,0,0,0,25
50.8,50800000,8,3,1,8,2,1.3010299957,20,0,1,1,1,25
0,0,0,1,1,3,1,0,1,0,0,0,0,25
0,0,0,2,0,8,0,0,0,0,0,1,0,25
36.204073,36204073,8,2,0,4,3,0.6989700043,5,0,0,0,0,25
0,0,0,1,0,1,1,0.3010299957,2,0,0,0,0,25
0,0,0,1,1,2,1,0.3010299957,2,0,0,1,0,25
0,0,0,1,0,1,1,0.3010299957,2,0,0,0,0,25
0,0,0,1,0,3,1,0.3010299957,2,0,0,0,0,25
0,0,0,3,1,4,0,0,0,1,0,1,0,25
283.165,283165000,8,4,1,11,0,1.1461280357,14,0,0,1,0,25
283.165,283165000,8,2,0,7,1,1.1760912591,15,0,0,1,0,25
0,0,0,2,0,4,0,1.0413926852,11,0,0,0,0,25
283.165,283165000,8,1,0,6,0,1.0413926852,11,0,0,1,0,25
295.765,295765000,8,6,1,6,0,1.2041199827,16,0,0,0,0,25
283.165,283165000,8,2,0,5,0,1.079181246,12,0,0,0,0,25
0,0,0,1,0,7,0,0,0,0,0,0,0,25
0,0,0,1,0,5,0,0,0,0,0,0,0,25
72.6,72600000,8,2,1,6,0,0.7781512504,6,0,0,1,0,25
130.435583,130435583,8,2,0,3,1,1.5440680444,35,0,0,1,0,25
122,122000000,8,1,1,4,1,1.5440680444,35,2,1,0,1,25
122,122000000,8,1,0,2,1,1.5440680444,35,0,0,0,0,25
40.000002,40000002,8,1,1,3,4,1.079181246,12,1,0,0,0,25
40.000002,40000002,8,1,1,3,4,1.079181246,12,0,0,0,0,25
40.000002,40000002,8,1,0,1,4,1.079181246,12,0,0,0,0,25
53.065,53065000,8,2,0,2,1,0.84509804,7,1,0,0,0,25
40,40000000,8,1,0,1,1,0.4771212547,3,0,0,0,0,25
40,40000000,8,1,0,1,1,0.4771212547,3,0,0,0,0,25
53.065,53065000,8,2,0,2,1,0.84509804,7,0,0,0,0,25
0,0,0,2,1,12,0,1.1461280357,14,0,0,1,0,25
4.884228,4884228,7,2,1,6,1,0,1,1,0,0,0,25
0,0,0,1,0,2,0,0,1,0,0,0,0,25
17.2,17200000,7,1,0,5,1,0,0,0,0,0,0,25
17.2,17200000,7,1,0,1,1,0,0,0,0,0,0,25
0,0,0,2,1,5,0,0,0,0,0,1,0,25
0,0,0,1,0,1,2,0.84509804,7,0,0,0,0,25
84.1,84100000,8,1,1,2,5,1.079181246,12,1,1,1,1,25
3.6,3600000,7,4,1,9,1,0.3010299957,2,0,1,0,0,25
0,0,0,1,0,5,1,0.7781512504,6,0,1,0,1,25
6.58,6580000,7,1,0,4,0,1.1139433523,13,0,0,0,0,25
6.58,6580000,7,1,0,3,0,1.1139433523,13,0,0,0,0,25
0,0,0,1,0,5,1,0,1,0,0,0,1,25
53.5,53500000,8,1,0,1,2,0,1,0,0,0,0,25
7,7000000,7,1,0,1,1,0,1,0,0,0,0,25
1.2,1200000,6,2,1,16,1,1,10,1,0,0,0,25
0.5,500000,6,1,0,3,0,0,0,0,1,0,1,25
40.242738,40242738,8,1,0,3,1,1.0413926852,11,0,0,0,0,25
0,0,0,1,0,1,1,0,0,0,0,0,0,25
0,0,0,1,0,1,1,0,0,3,0,0,0,25
13.3,13300000,7,1,0,1,0,0,1,0,0,0,0,25
95.892257,95892257,8,1,0,2,0,0.3010299957,2,0,1,0,0,25
8.8,8800000,7,4,1,9,1,1.5682017241,37,2,0,0,0,38
6.7,6700000,7,4,1,13,1,1.5185139399,33,0,0,0,0,25
0,0,0,1,0,8,0,0,0,0,0,0,0,25
0,0,0,1,1,7,0,0,1,0,0,0,1,25
18.5,18500000,7,1,0,1,3,1.1139433523,13,0,0,0,0,25
18.5,18500000,7,1,0,1,3,1.1139433523,13,0,0,0,0,25
11.5678,11567800,7,1,0,8,0,0.84509804,7,0,1,0,0,25
11.5678,11567800,7,1,0,1,0,0.84509804,7,0,0,0,0,25
20,20000000,7,5,0,6,89,3.2319790268,1706,2,0,0,0,61
